ec,organism,log_kcat,n_measurements,kcat_std,uniprot_primary,sequence,ph_opt,ph_max,temp_opt,temp_max,molecularWeight,kmValue
2.5.1.18,Synechococcus elongatus,1.7448091095481837,2,0.0810063626280479,Q99735,MAGNSILLAAVSILSACQQSYFALQVGKARLKYKVTPPAVTGSPEFERVFRAQQNCVEFYPIFIITLWMAGWYFNQVFATCLGLVYIYGRHLYFWGYSEAAKKRITGFRLSLGILALLTLLGALGIANSFLDEYLDLNIAKKLRRQF,7.0,7.75,30.0,35.0,26800.0,0.417
2.5.1.18,Synechococcus elongatus,1.7448091095481837,2,0.0810063626280479,Q03013,MSMTLGYWDIRGLAHAIRLLLEYTDSSYEEKKYTMGDAPDYDRSQWLNEKFKLGLDFPNLPYLIDGAHKITQSNAILCYIARKHNLCGETEEEKIRVDILENQAMDVSNQLARVCYSPDFEKLKPEYLEELPTMMQHFSQFLGKRPWFVGDKITFVDFLAYDVLDLHRIFEPNCLDAFPNLKDFISRFEGLEKISAYMKSSRFLPKPLYTRVAVWGNK,7.0,7.75,30.0,35.0,26800.0,0.417
2.5.1.18,Synechococcus elongatus,1.7448091095481837,2,0.0810063626280479,O43813,MAQRAFPNPYADYNKSLAEGYFDAAGRLTPEFSQRLTNKIRELLQQMERGLKSADPRDGTGYTGWAGIAVLYLHLYDVFGDPAYLQLAHGYVKQSLNCLTKRSITFLCGDAGPLAVAAVLYHKMNNEKQAEDCITRLIHLNKIDPHAPNEMLYGRIGYIYALLFVNKNFGVEKIPQSHIQQICETILTSGENLARKRNFTAKSPLMYEWYQEYYVGAAHGLAGIYYYLMQPSLQVSQGKLHSLVKPSVDYVCQLKFPSGNYPPCIGDNRDLLVHWCHGAPGVIYMLIQAYKVFREEKYLCDAYQCADVIWQYGLLKKGYGLCHGSAGNAYAFLTLYNLTQDMKYLYRACKFAEWCLEYGEHGCRTPDTPFSLFEGMAGTIYFLADLLVPTKARFPAFEL,7.0,7.75,30.0,35.0,26800.0,0.417
2.5.1.18,Synechococcus elongatus,1.7448091095481837,2,0.0810063626280479,P10620,MVDLTQVMDDEVFMAFASYATIILSKMMLMSTATAFYRLTRKVFANPEDCVAFGKGENAKKYLRTDDRVERVRRAHLNDLENIIPFLGIGLLYSLSGPDPSTAILHFRLFVGARIYHTIAYLTPLPQPNRALSFFVGYGVTLSMAYRLLKSKLYL,7.0,7.75,30.0,35.0,26800.0,0.417
2.5.1.18,Synechococcus elongatus,1.7448091095481837,2,0.0810063626280479,O60760,MPNYKLTYFNMRGRAEIIRYIFAYLDIQYEDHRIEQADWPEIKSTLPFGKIPILEVDGLTLHQSLAIARYLTKNTDLAGNTEMEQCHVDAIVDTLDDFMSCFPWAEKKQDVKEQMFNELLTYNAPHLMQDLDTYLGGREWLIGNSVTWADFYWEICSTTLLVFKPDLLDNHPRLVTLRKKVQAIPAVANWIKRRPQTKL,7.0,7.75,30.0,35.0,26800.0,0.417
2.5.1.18,Pinus tabuliformis,0.8188249042857099,4,0.0232267050699929,Q99735,MAGNSILLAAVSILSACQQSYFALQVGKARLKYKVTPPAVTGSPEFERVFRAQQNCVEFYPIFIITLWMAGWYFNQVFATCLGLVYIYGRHLYFWGYSEAAKKRITGFRLSLGILALLTLLGALGIANSFLDEYLDLNIAKKLRRQF,8.5,9.0,25.0,35.0,45900.0,0.86
2.5.1.18,Pinus tabuliformis,0.8188249042857099,4,0.0232267050699929,Q03013,MSMTLGYWDIRGLAHAIRLLLEYTDSSYEEKKYTMGDAPDYDRSQWLNEKFKLGLDFPNLPYLIDGAHKITQSNAILCYIARKHNLCGETEEEKIRVDILENQAMDVSNQLARVCYSPDFEKLKPEYLEELPTMMQHFSQFLGKRPWFVGDKITFVDFLAYDVLDLHRIFEPNCLDAFPNLKDFISRFEGLEKISAYMKSSRFLPKPLYTRVAVWGNK,8.5,9.0,25.0,35.0,45900.0,0.86
2.5.1.18,Pinus tabuliformis,0.8188249042857099,4,0.0232267050699929,O43813,MAQRAFPNPYADYNKSLAEGYFDAAGRLTPEFSQRLTNKIRELLQQMERGLKSADPRDGTGYTGWAGIAVLYLHLYDVFGDPAYLQLAHGYVKQSLNCLTKRSITFLCGDAGPLAVAAVLYHKMNNEKQAEDCITRLIHLNKIDPHAPNEMLYGRIGYIYALLFVNKNFGVEKIPQSHIQQICETILTSGENLARKRNFTAKSPLMYEWYQEYYVGAAHGLAGIYYYLMQPSLQVSQGKLHSLVKPSVDYVCQLKFPSGNYPPCIGDNRDLLVHWCHGAPGVIYMLIQAYKVFREEKYLCDAYQCADVIWQYGLLKKGYGLCHGSAGNAYAFLTLYNLTQDMKYLYRACKFAEWCLEYGEHGCRTPDTPFSLFEGMAGTIYFLADLLVPTKARFPAFEL,8.5,9.0,25.0,35.0,45900.0,0.86
2.5.1.18,Pinus tabuliformis,0.8188249042857099,4,0.0232267050699929,P10620,MVDLTQVMDDEVFMAFASYATIILSKMMLMSTATAFYRLTRKVFANPEDCVAFGKGENAKKYLRTDDRVERVRRAHLNDLENIIPFLGIGLLYSLSGPDPSTAILHFRLFVGARIYHTIAYLTPLPQPNRALSFFVGYGVTLSMAYRLLKSKLYL,8.5,9.0,25.0,35.0,45900.0,0.86
2.5.1.18,Pinus tabuliformis,0.8188249042857099,4,0.0232267050699929,O60760,MPNYKLTYFNMRGRAEIIRYIFAYLDIQYEDHRIEQADWPEIKSTLPFGKIPILEVDGLTLHQSLAIARYLTKNTDLAGNTEMEQCHVDAIVDTLDDFMSCFPWAEKKQDVKEQMFNELLTYNAPHLMQDLDTYLGGREWLIGNSVTWADFYWEICSTTLLVFKPDLLDNHPRLVTLRKKVQAIPAVANWIKRRPQTKL,8.5,9.0,25.0,35.0,45900.0,0.86
2.5.1.18,Macrobrachium vollenhovenii,1.307496037913213,2,0.0,Q99735,MAGNSILLAAVSILSACQQSYFALQVGKARLKYKVTPPAVTGSPEFERVFRAQQNCVEFYPIFIITLWMAGWYFNQVFATCLGLVYIYGRHLYFWGYSEAAKKRITGFRLSLGILALLTLLGALGIANSFLDEYLDLNIAKKLRRQF,7.0,7.75,40.0,35.0,35050.0,2.03
2.5.1.18,Macrobrachium vollenhovenii,1.307496037913213,2,0.0,Q03013,MSMTLGYWDIRGLAHAIRLLLEYTDSSYEEKKYTMGDAPDYDRSQWLNEKFKLGLDFPNLPYLIDGAHKITQSNAILCYIARKHNLCGETEEEKIRVDILENQAMDVSNQLARVCYSPDFEKLKPEYLEELPTMMQHFSQFLGKRPWFVGDKITFVDFLAYDVLDLHRIFEPNCLDAFPNLKDFISRFEGLEKISAYMKSSRFLPKPLYTRVAVWGNK,7.0,7.75,40.0,35.0,35050.0,2.03
2.5.1.18,Macrobrachium vollenhovenii,1.307496037913213,2,0.0,O43813,MAQRAFPNPYADYNKSLAEGYFDAAGRLTPEFSQRLTNKIRELLQQMERGLKSADPRDGTGYTGWAGIAVLYLHLYDVFGDPAYLQLAHGYVKQSLNCLTKRSITFLCGDAGPLAVAAVLYHKMNNEKQAEDCITRLIHLNKIDPHAPNEMLYGRIGYIYALLFVNKNFGVEKIPQSHIQQICETILTSGENLARKRNFTAKSPLMYEWYQEYYVGAAHGLAGIYYYLMQPSLQVSQGKLHSLVKPSVDYVCQLKFPSGNYPPCIGDNRDLLVHWCHGAPGVIYMLIQAYKVFREEKYLCDAYQCADVIWQYGLLKKGYGLCHGSAGNAYAFLTLYNLTQDMKYLYRACKFAEWCLEYGEHGCRTPDTPFSLFEGMAGTIYFLADLLVPTKARFPAFEL,7.0,7.75,40.0,35.0,35050.0,2.03
2.5.1.18,Macrobrachium vollenhovenii,1.307496037913213,2,0.0,P10620,MVDLTQVMDDEVFMAFASYATIILSKMMLMSTATAFYRLTRKVFANPEDCVAFGKGENAKKYLRTDDRVERVRRAHLNDLENIIPFLGIGLLYSLSGPDPSTAILHFRLFVGARIYHTIAYLTPLPQPNRALSFFVGYGVTLSMAYRLLKSKLYL,7.0,7.75,40.0,35.0,35050.0,2.03
2.5.1.18,Macrobrachium vollenhovenii,1.307496037913213,2,0.0,O60760,MPNYKLTYFNMRGRAEIIRYIFAYLDIQYEDHRIEQADWPEIKSTLPFGKIPILEVDGLTLHQSLAIARYLTKNTDLAGNTEMEQCHVDAIVDTLDDFMSCFPWAEKKQDVKEQMFNELLTYNAPHLMQDLDTYLGGREWLIGNSVTWADFYWEICSTTLLVFKPDLLDNHPRLVTLRKKVQAIPAVANWIKRRPQTKL,7.0,7.75,40.0,35.0,35050.0,2.03
2.5.1.18,Homo sapiens,0.9053850056171816,34,1.303191082223382,Q99735,MAGNSILLAAVSILSACQQSYFALQVGKARLKYKVTPPAVTGSPEFERVFRAQQNCVEFYPIFIITLWMAGWYFNQVFATCLGLVYIYGRHLYFWGYSEAAKKRITGFRLSLGILALLTLLGALGIANSFLDEYLDLNIAKKLRRQF,7.4,8.0,30.0,30.0,25500.0,0.4335
2.5.1.18,Homo sapiens,0.9053850056171816,34,1.303191082223382,Q03013,MSMTLGYWDIRGLAHAIRLLLEYTDSSYEEKKYTMGDAPDYDRSQWLNEKFKLGLDFPNLPYLIDGAHKITQSNAILCYIARKHNLCGETEEEKIRVDILENQAMDVSNQLARVCYSPDFEKLKPEYLEELPTMMQHFSQFLGKRPWFVGDKITFVDFLAYDVLDLHRIFEPNCLDAFPNLKDFISRFEGLEKISAYMKSSRFLPKPLYTRVAVWGNK,7.4,8.0,30.0,30.0,25500.0,0.4335
2.5.1.18,Homo sapiens,0.9053850056171816,34,1.303191082223382,O43813,MAQRAFPNPYADYNKSLAEGYFDAAGRLTPEFSQRLTNKIRELLQQMERGLKSADPRDGTGYTGWAGIAVLYLHLYDVFGDPAYLQLAHGYVKQSLNCLTKRSITFLCGDAGPLAVAAVLYHKMNNEKQAEDCITRLIHLNKIDPHAPNEMLYGRIGYIYALLFVNKNFGVEKIPQSHIQQICETILTSGENLARKRNFTAKSPLMYEWYQEYYVGAAHGLAGIYYYLMQPSLQVSQGKLHSLVKPSVDYVCQLKFPSGNYPPCIGDNRDLLVHWCHGAPGVIYMLIQAYKVFREEKYLCDAYQCADVIWQYGLLKKGYGLCHGSAGNAYAFLTLYNLTQDMKYLYRACKFAEWCLEYGEHGCRTPDTPFSLFEGMAGTIYFLADLLVPTKARFPAFEL,7.4,8.0,30.0,30.0,25500.0,0.4335
2.5.1.18,Homo sapiens,0.9053850056171816,34,1.303191082223382,P10620,MVDLTQVMDDEVFMAFASYATIILSKMMLMSTATAFYRLTRKVFANPEDCVAFGKGENAKKYLRTDDRVERVRRAHLNDLENIIPFLGIGLLYSLSGPDPSTAILHFRLFVGARIYHTIAYLTPLPQPNRALSFFVGYGVTLSMAYRLLKSKLYL,7.4,8.0,30.0,30.0,25500.0,0.4335
2.5.1.18,Homo sapiens,0.9053850056171816,34,1.303191082223382,O60760,MPNYKLTYFNMRGRAEIIRYIFAYLDIQYEDHRIEQADWPEIKSTLPFGKIPILEVDGLTLHQSLAIARYLTKNTDLAGNTEMEQCHVDAIVDTLDDFMSCFPWAEKKQDVKEQMFNELLTYNAPHLMQDLDTYLGGREWLIGNSVTWADFYWEICSTTLLVFKPDLLDNHPRLVTLRKKVQAIPAVANWIKRRPQTKL,7.4,8.0,30.0,30.0,25500.0,0.4335
2.5.1.18,Rattus norvegicus,1.7993405494535817,7,0.3755414631789525,Q99735,MAGNSILLAAVSILSACQQSYFALQVGKARLKYKVTPPAVTGSPEFERVFRAQQNCVEFYPIFIITLWMAGWYFNQVFATCLGLVYIYGRHLYFWGYSEAAKKRITGFRLSLGILALLTLLGALGIANSFLDEYLDLNIAKKLRRQF,6.5,8.0,27.5,35.0,45000.0,0.28
2.5.1.18,Rattus norvegicus,1.7993405494535817,7,0.3755414631789525,Q03013,MSMTLGYWDIRGLAHAIRLLLEYTDSSYEEKKYTMGDAPDYDRSQWLNEKFKLGLDFPNLPYLIDGAHKITQSNAILCYIARKHNLCGETEEEKIRVDILENQAMDVSNQLARVCYSPDFEKLKPEYLEELPTMMQHFSQFLGKRPWFVGDKITFVDFLAYDVLDLHRIFEPNCLDAFPNLKDFISRFEGLEKISAYMKSSRFLPKPLYTRVAVWGNK,6.5,8.0,27.5,35.0,45000.0,0.28
2.5.1.18,Rattus norvegicus,1.7993405494535817,7,0.3755414631789525,O43813,MAQRAFPNPYADYNKSLAEGYFDAAGRLTPEFSQRLTNKIRELLQQMERGLKSADPRDGTGYTGWAGIAVLYLHLYDVFGDPAYLQLAHGYVKQSLNCLTKRSITFLCGDAGPLAVAAVLYHKMNNEKQAEDCITRLIHLNKIDPHAPNEMLYGRIGYIYALLFVNKNFGVEKIPQSHIQQICETILTSGENLARKRNFTAKSPLMYEWYQEYYVGAAHGLAGIYYYLMQPSLQVSQGKLHSLVKPSVDYVCQLKFPSGNYPPCIGDNRDLLVHWCHGAPGVIYMLIQAYKVFREEKYLCDAYQCADVIWQYGLLKKGYGLCHGSAGNAYAFLTLYNLTQDMKYLYRACKFAEWCLEYGEHGCRTPDTPFSLFEGMAGTIYFLADLLVPTKARFPAFEL,6.5,8.0,27.5,35.0,45000.0,0.28
2.5.1.18,Rattus norvegicus,1.7993405494535817,7,0.3755414631789525,P10620,MVDLTQVMDDEVFMAFASYATIILSKMMLMSTATAFYRLTRKVFANPEDCVAFGKGENAKKYLRTDDRVERVRRAHLNDLENIIPFLGIGLLYSLSGPDPSTAILHFRLFVGARIYHTIAYLTPLPQPNRALSFFVGYGVTLSMAYRLLKSKLYL,6.5,8.0,27.5,35.0,45000.0,0.28
2.5.1.18,Rattus norvegicus,1.7993405494535817,7,0.3755414631789525,O60760,MPNYKLTYFNMRGRAEIIRYIFAYLDIQYEDHRIEQADWPEIKSTLPFGKIPILEVDGLTLHQSLAIARYLTKNTDLAGNTEMEQCHVDAIVDTLDDFMSCFPWAEKKQDVKEQMFNELLTYNAPHLMQDLDTYLGGREWLIGNSVTWADFYWEICSTTLLVFKPDLLDNHPRLVTLRKKVQAIPAVANWIKRRPQTKL,6.5,8.0,27.5,35.0,45000.0,0.28
2.5.1.18,Atactodea striata,2.8143844495937604,2,0.1035668907305463,Q99735,MAGNSILLAAVSILSACQQSYFALQVGKARLKYKVTPPAVTGSPEFERVFRAQQNCVEFYPIFIITLWMAGWYFNQVFATCLGLVYIYGRHLYFWGYSEAAKKRITGFRLSLGILALLTLLGALGIANSFLDEYLDLNIAKKLRRQF,8.0,7.75,38.0,35.0,36000.0,0.31
2.5.1.18,Atactodea striata,2.8143844495937604,2,0.1035668907305463,Q03013,MSMTLGYWDIRGLAHAIRLLLEYTDSSYEEKKYTMGDAPDYDRSQWLNEKFKLGLDFPNLPYLIDGAHKITQSNAILCYIARKHNLCGETEEEKIRVDILENQAMDVSNQLARVCYSPDFEKLKPEYLEELPTMMQHFSQFLGKRPWFVGDKITFVDFLAYDVLDLHRIFEPNCLDAFPNLKDFISRFEGLEKISAYMKSSRFLPKPLYTRVAVWGNK,8.0,7.75,38.0,35.0,36000.0,0.31
2.5.1.18,Atactodea striata,2.8143844495937604,2,0.1035668907305463,O43813,MAQRAFPNPYADYNKSLAEGYFDAAGRLTPEFSQRLTNKIRELLQQMERGLKSADPRDGTGYTGWAGIAVLYLHLYDVFGDPAYLQLAHGYVKQSLNCLTKRSITFLCGDAGPLAVAAVLYHKMNNEKQAEDCITRLIHLNKIDPHAPNEMLYGRIGYIYALLFVNKNFGVEKIPQSHIQQICETILTSGENLARKRNFTAKSPLMYEWYQEYYVGAAHGLAGIYYYLMQPSLQVSQGKLHSLVKPSVDYVCQLKFPSGNYPPCIGDNRDLLVHWCHGAPGVIYMLIQAYKVFREEKYLCDAYQCADVIWQYGLLKKGYGLCHGSAGNAYAFLTLYNLTQDMKYLYRACKFAEWCLEYGEHGCRTPDTPFSLFEGMAGTIYFLADLLVPTKARFPAFEL,8.0,7.75,38.0,35.0,36000.0,0.31
2.5.1.18,Atactodea striata,2.8143844495937604,2,0.1035668907305463,P10620,MVDLTQVMDDEVFMAFASYATIILSKMMLMSTATAFYRLTRKVFANPEDCVAFGKGENAKKYLRTDDRVERVRRAHLNDLENIIPFLGIGLLYSLSGPDPSTAILHFRLFVGARIYHTIAYLTPLPQPNRALSFFVGYGVTLSMAYRLLKSKLYL,8.0,7.75,38.0,35.0,36000.0,0.31
2.5.1.18,Atactodea striata,2.8143844495937604,2,0.1035668907305463,O60760,MPNYKLTYFNMRGRAEIIRYIFAYLDIQYEDHRIEQADWPEIKSTLPFGKIPILEVDGLTLHQSLAIARYLTKNTDLAGNTEMEQCHVDAIVDTLDDFMSCFPWAEKKQDVKEQMFNELLTYNAPHLMQDLDTYLGGREWLIGNSVTWADFYWEICSTTLLVFKPDLLDNHPRLVTLRKKVQAIPAVANWIKRRPQTKL,8.0,7.75,38.0,35.0,36000.0,0.31
2.5.1.18,Fasciola gigantica,0.8468916050757115,6,0.6235328382266973,Q99735,MAGNSILLAAVSILSACQQSYFALQVGKARLKYKVTPPAVTGSPEFERVFRAQQNCVEFYPIFIITLWMAGWYFNQVFATCLGLVYIYGRHLYFWGYSEAAKKRITGFRLSLGILALLTLLGALGIANSFLDEYLDLNIAKKLRRQF,7.5,7.75,40.0,35.0,50000.0,0.04835
2.5.1.18,Fasciola gigantica,0.8468916050757115,6,0.6235328382266973,Q03013,MSMTLGYWDIRGLAHAIRLLLEYTDSSYEEKKYTMGDAPDYDRSQWLNEKFKLGLDFPNLPYLIDGAHKITQSNAILCYIARKHNLCGETEEEKIRVDILENQAMDVSNQLARVCYSPDFEKLKPEYLEELPTMMQHFSQFLGKRPWFVGDKITFVDFLAYDVLDLHRIFEPNCLDAFPNLKDFISRFEGLEKISAYMKSSRFLPKPLYTRVAVWGNK,7.5,7.75,40.0,35.0,50000.0,0.04835
2.5.1.18,Fasciola gigantica,0.8468916050757115,6,0.6235328382266973,O43813,MAQRAFPNPYADYNKSLAEGYFDAAGRLTPEFSQRLTNKIRELLQQMERGLKSADPRDGTGYTGWAGIAVLYLHLYDVFGDPAYLQLAHGYVKQSLNCLTKRSITFLCGDAGPLAVAAVLYHKMNNEKQAEDCITRLIHLNKIDPHAPNEMLYGRIGYIYALLFVNKNFGVEKIPQSHIQQICETILTSGENLARKRNFTAKSPLMYEWYQEYYVGAAHGLAGIYYYLMQPSLQVSQGKLHSLVKPSVDYVCQLKFPSGNYPPCIGDNRDLLVHWCHGAPGVIYMLIQAYKVFREEKYLCDAYQCADVIWQYGLLKKGYGLCHGSAGNAYAFLTLYNLTQDMKYLYRACKFAEWCLEYGEHGCRTPDTPFSLFEGMAGTIYFLADLLVPTKARFPAFEL,7.5,7.75,40.0,35.0,50000.0,0.04835
2.5.1.18,Fasciola gigantica,0.8468916050757115,6,0.6235328382266973,P10620,MVDLTQVMDDEVFMAFASYATIILSKMMLMSTATAFYRLTRKVFANPEDCVAFGKGENAKKYLRTDDRVERVRRAHLNDLENIIPFLGIGLLYSLSGPDPSTAILHFRLFVGARIYHTIAYLTPLPQPNRALSFFVGYGVTLSMAYRLLKSKLYL,7.5,7.75,40.0,35.0,50000.0,0.04835
2.5.1.18,Fasciola gigantica,0.8468916050757115,6,0.6235328382266973,O60760,MPNYKLTYFNMRGRAEIIRYIFAYLDIQYEDHRIEQADWPEIKSTLPFGKIPILEVDGLTLHQSLAIARYLTKNTDLAGNTEMEQCHVDAIVDTLDDFMSCFPWAEKKQDVKEQMFNELLTYNAPHLMQDLDTYLGGREWLIGNSVTWADFYWEICSTTLLVFKPDLLDNHPRLVTLRKKVQAIPAVANWIKRRPQTKL,7.5,7.75,40.0,35.0,50000.0,0.04835
2.5.1.18,Sus scrofa,0.9777236052888476,7,1.5774729228157207,Q99735,MAGNSILLAAVSILSACQQSYFALQVGKARLKYKVTPPAVTGSPEFERVFRAQQNCVEFYPIFIITLWMAGWYFNQVFATCLGLVYIYGRHLYFWGYSEAAKKRITGFRLSLGILALLTLLGALGIANSFLDEYLDLNIAKKLRRQF,7.0,7.5,30.0,35.0,26800.0,0.2
2.5.1.18,Sus scrofa,0.9777236052888476,7,1.5774729228157207,Q03013,MSMTLGYWDIRGLAHAIRLLLEYTDSSYEEKKYTMGDAPDYDRSQWLNEKFKLGLDFPNLPYLIDGAHKITQSNAILCYIARKHNLCGETEEEKIRVDILENQAMDVSNQLARVCYSPDFEKLKPEYLEELPTMMQHFSQFLGKRPWFVGDKITFVDFLAYDVLDLHRIFEPNCLDAFPNLKDFISRFEGLEKISAYMKSSRFLPKPLYTRVAVWGNK,7.0,7.5,30.0,35.0,26800.0,0.2
2.5.1.18,Sus scrofa,0.9777236052888476,7,1.5774729228157207,O43813,MAQRAFPNPYADYNKSLAEGYFDAAGRLTPEFSQRLTNKIRELLQQMERGLKSADPRDGTGYTGWAGIAVLYLHLYDVFGDPAYLQLAHGYVKQSLNCLTKRSITFLCGDAGPLAVAAVLYHKMNNEKQAEDCITRLIHLNKIDPHAPNEMLYGRIGYIYALLFVNKNFGVEKIPQSHIQQICETILTSGENLARKRNFTAKSPLMYEWYQEYYVGAAHGLAGIYYYLMQPSLQVSQGKLHSLVKPSVDYVCQLKFPSGNYPPCIGDNRDLLVHWCHGAPGVIYMLIQAYKVFREEKYLCDAYQCADVIWQYGLLKKGYGLCHGSAGNAYAFLTLYNLTQDMKYLYRACKFAEWCLEYGEHGCRTPDTPFSLFEGMAGTIYFLADLLVPTKARFPAFEL,7.0,7.5,30.0,35.0,26800.0,0.2
2.5.1.18,Sus scrofa,0.9777236052888476,7,1.5774729228157207,P10620,MVDLTQVMDDEVFMAFASYATIILSKMMLMSTATAFYRLTRKVFANPEDCVAFGKGENAKKYLRTDDRVERVRRAHLNDLENIIPFLGIGLLYSLSGPDPSTAILHFRLFVGARIYHTIAYLTPLPQPNRALSFFVGYGVTLSMAYRLLKSKLYL,7.0,7.5,30.0,35.0,26800.0,0.2
2.5.1.18,Sus scrofa,0.9777236052888476,7,1.5774729228157207,O60760,MPNYKLTYFNMRGRAEIIRYIFAYLDIQYEDHRIEQADWPEIKSTLPFGKIPILEVDGLTLHQSLAIARYLTKNTDLAGNTEMEQCHVDAIVDTLDDFMSCFPWAEKKQDVKEQMFNELLTYNAPHLMQDLDTYLGGREWLIGNSVTWADFYWEICSTTLLVFKPDLLDNHPRLVTLRKKVQAIPAVANWIKRRPQTKL,7.0,7.5,30.0,35.0,26800.0,0.2
2.5.1.18,Alternaria brassicicola,-0.4119543704721594,2,0.8316221045724967,Q99735,MAGNSILLAAVSILSACQQSYFALQVGKARLKYKVTPPAVTGSPEFERVFRAQQNCVEFYPIFIITLWMAGWYFNQVFATCLGLVYIYGRHLYFWGYSEAAKKRITGFRLSLGILALLTLLGALGIANSFLDEYLDLNIAKKLRRQF,7.0,7.75,30.0,35.0,26800.0,0.87
2.5.1.18,Alternaria brassicicola,-0.4119543704721594,2,0.8316221045724967,Q03013,MSMTLGYWDIRGLAHAIRLLLEYTDSSYEEKKYTMGDAPDYDRSQWLNEKFKLGLDFPNLPYLIDGAHKITQSNAILCYIARKHNLCGETEEEKIRVDILENQAMDVSNQLARVCYSPDFEKLKPEYLEELPTMMQHFSQFLGKRPWFVGDKITFVDFLAYDVLDLHRIFEPNCLDAFPNLKDFISRFEGLEKISAYMKSSRFLPKPLYTRVAVWGNK,7.0,7.75,30.0,35.0,26800.0,0.87
2.5.1.18,Alternaria brassicicola,-0.4119543704721594,2,0.8316221045724967,O43813,MAQRAFPNPYADYNKSLAEGYFDAAGRLTPEFSQRLTNKIRELLQQMERGLKSADPRDGTGYTGWAGIAVLYLHLYDVFGDPAYLQLAHGYVKQSLNCLTKRSITFLCGDAGPLAVAAVLYHKMNNEKQAEDCITRLIHLNKIDPHAPNEMLYGRIGYIYALLFVNKNFGVEKIPQSHIQQICETILTSGENLARKRNFTAKSPLMYEWYQEYYVGAAHGLAGIYYYLMQPSLQVSQGKLHSLVKPSVDYVCQLKFPSGNYPPCIGDNRDLLVHWCHGAPGVIYMLIQAYKVFREEKYLCDAYQCADVIWQYGLLKKGYGLCHGSAGNAYAFLTLYNLTQDMKYLYRACKFAEWCLEYGEHGCRTPDTPFSLFEGMAGTIYFLADLLVPTKARFPAFEL,7.0,7.75,30.0,35.0,26800.0,0.87
2.5.1.18,Alternaria brassicicola,-0.4119543704721594,2,0.8316221045724967,P10620,MVDLTQVMDDEVFMAFASYATIILSKMMLMSTATAFYRLTRKVFANPEDCVAFGKGENAKKYLRTDDRVERVRRAHLNDLENIIPFLGIGLLYSLSGPDPSTAILHFRLFVGARIYHTIAYLTPLPQPNRALSFFVGYGVTLSMAYRLLKSKLYL,7.0,7.75,30.0,35.0,26800.0,0.87
2.5.1.18,Alternaria brassicicola,-0.4119543704721594,2,0.8316221045724967,O60760,MPNYKLTYFNMRGRAEIIRYIFAYLDIQYEDHRIEQADWPEIKSTLPFGKIPILEVDGLTLHQSLAIARYLTKNTDLAGNTEMEQCHVDAIVDTLDDFMSCFPWAEKKQDVKEQMFNELLTYNAPHLMQDLDTYLGGREWLIGNSVTWADFYWEICSTTLLVFKPDLLDNHPRLVTLRKKVQAIPAVANWIKRRPQTKL,7.0,7.75,30.0,35.0,26800.0,0.87
2.5.1.18,Bos taurus,1.590245012479389,2,0.975634659683622,Q99735,MAGNSILLAAVSILSACQQSYFALQVGKARLKYKVTPPAVTGSPEFERVFRAQQNCVEFYPIFIITLWMAGWYFNQVFATCLGLVYIYGRHLYFWGYSEAAKKRITGFRLSLGILALLTLLGALGIANSFLDEYLDLNIAKKLRRQF,6.75,7.5,20.0,35.0,49000.0,0.6473500000000001
2.5.1.18,Bos taurus,1.590245012479389,2,0.975634659683622,Q03013,MSMTLGYWDIRGLAHAIRLLLEYTDSSYEEKKYTMGDAPDYDRSQWLNEKFKLGLDFPNLPYLIDGAHKITQSNAILCYIARKHNLCGETEEEKIRVDILENQAMDVSNQLARVCYSPDFEKLKPEYLEELPTMMQHFSQFLGKRPWFVGDKITFVDFLAYDVLDLHRIFEPNCLDAFPNLKDFISRFEGLEKISAYMKSSRFLPKPLYTRVAVWGNK,6.75,7.5,20.0,35.0,49000.0,0.6473500000000001
2.5.1.18,Bos taurus,1.590245012479389,2,0.975634659683622,O43813,MAQRAFPNPYADYNKSLAEGYFDAAGRLTPEFSQRLTNKIRELLQQMERGLKSADPRDGTGYTGWAGIAVLYLHLYDVFGDPAYLQLAHGYVKQSLNCLTKRSITFLCGDAGPLAVAAVLYHKMNNEKQAEDCITRLIHLNKIDPHAPNEMLYGRIGYIYALLFVNKNFGVEKIPQSHIQQICETILTSGENLARKRNFTAKSPLMYEWYQEYYVGAAHGLAGIYYYLMQPSLQVSQGKLHSLVKPSVDYVCQLKFPSGNYPPCIGDNRDLLVHWCHGAPGVIYMLIQAYKVFREEKYLCDAYQCADVIWQYGLLKKGYGLCHGSAGNAYAFLTLYNLTQDMKYLYRACKFAEWCLEYGEHGCRTPDTPFSLFEGMAGTIYFLADLLVPTKARFPAFEL,6.75,7.5,20.0,35.0,49000.0,0.6473500000000001
2.5.1.18,Bos taurus,1.590245012479389,2,0.975634659683622,P10620,MVDLTQVMDDEVFMAFASYATIILSKMMLMSTATAFYRLTRKVFANPEDCVAFGKGENAKKYLRTDDRVERVRRAHLNDLENIIPFLGIGLLYSLSGPDPSTAILHFRLFVGARIYHTIAYLTPLPQPNRALSFFVGYGVTLSMAYRLLKSKLYL,6.75,7.5,20.0,35.0,49000.0,0.6473500000000001
2.5.1.18,Bos taurus,1.590245012479389,2,0.975634659683622,O60760,MPNYKLTYFNMRGRAEIIRYIFAYLDIQYEDHRIEQADWPEIKSTLPFGKIPILEVDGLTLHQSLAIARYLTKNTDLAGNTEMEQCHVDAIVDTLDDFMSCFPWAEKKQDVKEQMFNELLTYNAPHLMQDLDTYLGGREWLIGNSVTWADFYWEICSTTLLVFKPDLLDNHPRLVTLRKKVQAIPAVANWIKRRPQTKL,6.75,7.5,20.0,35.0,49000.0,0.6473500000000001
2.5.1.18,Bombyx mori,1.7891152013309548,2,0.0377053645598882,Q99735,MAGNSILLAAVSILSACQQSYFALQVGKARLKYKVTPPAVTGSPEFERVFRAQQNCVEFYPIFIITLWMAGWYFNQVFATCLGLVYIYGRHLYFWGYSEAAKKRITGFRLSLGILALLTLLGALGIANSFLDEYLDLNIAKKLRRQF,6.5,8.5,25.0,35.0,25112.5,0.6
2.5.1.18,Bombyx mori,1.7891152013309548,2,0.0377053645598882,Q03013,MSMTLGYWDIRGLAHAIRLLLEYTDSSYEEKKYTMGDAPDYDRSQWLNEKFKLGLDFPNLPYLIDGAHKITQSNAILCYIARKHNLCGETEEEKIRVDILENQAMDVSNQLARVCYSPDFEKLKPEYLEELPTMMQHFSQFLGKRPWFVGDKITFVDFLAYDVLDLHRIFEPNCLDAFPNLKDFISRFEGLEKISAYMKSSRFLPKPLYTRVAVWGNK,6.5,8.5,25.0,35.0,25112.5,0.6
2.5.1.18,Bombyx mori,1.7891152013309548,2,0.0377053645598882,O43813,MAQRAFPNPYADYNKSLAEGYFDAAGRLTPEFSQRLTNKIRELLQQMERGLKSADPRDGTGYTGWAGIAVLYLHLYDVFGDPAYLQLAHGYVKQSLNCLTKRSITFLCGDAGPLAVAAVLYHKMNNEKQAEDCITRLIHLNKIDPHAPNEMLYGRIGYIYALLFVNKNFGVEKIPQSHIQQICETILTSGENLARKRNFTAKSPLMYEWYQEYYVGAAHGLAGIYYYLMQPSLQVSQGKLHSLVKPSVDYVCQLKFPSGNYPPCIGDNRDLLVHWCHGAPGVIYMLIQAYKVFREEKYLCDAYQCADVIWQYGLLKKGYGLCHGSAGNAYAFLTLYNLTQDMKYLYRACKFAEWCLEYGEHGCRTPDTPFSLFEGMAGTIYFLADLLVPTKARFPAFEL,6.5,8.5,25.0,35.0,25112.5,0.6
2.5.1.18,Bombyx mori,1.7891152013309548,2,0.0377053645598882,P10620,MVDLTQVMDDEVFMAFASYATIILSKMMLMSTATAFYRLTRKVFANPEDCVAFGKGENAKKYLRTDDRVERVRRAHLNDLENIIPFLGIGLLYSLSGPDPSTAILHFRLFVGARIYHTIAYLTPLPQPNRALSFFVGYGVTLSMAYRLLKSKLYL,6.5,8.5,25.0,35.0,25112.5,0.6
2.5.1.18,Bombyx mori,1.7891152013309548,2,0.0377053645598882,O60760,MPNYKLTYFNMRGRAEIIRYIFAYLDIQYEDHRIEQADWPEIKSTLPFGKIPILEVDGLTLHQSLAIARYLTKNTDLAGNTEMEQCHVDAIVDTLDDFMSCFPWAEKKQDVKEQMFNELLTYNAPHLMQDLDTYLGGREWLIGNSVTWADFYWEICSTTLLVFKPDLLDNHPRLVTLRKKVQAIPAVANWIKRRPQTKL,6.5,8.5,25.0,35.0,25112.5,0.6
2.5.1.18,Anopheles dirus,1.4014005407815442,8,0.6833234151260426,Q99735,MAGNSILLAAVSILSACQQSYFALQVGKARLKYKVTPPAVTGSPEFERVFRAQQNCVEFYPIFIITLWMAGWYFNQVFATCLGLVYIYGRHLYFWGYSEAAKKRITGFRLSLGILALLTLLGALGIANSFLDEYLDLNIAKKLRRQF,7.5,7.75,30.0,35.0,25000.0,0.645
2.5.1.18,Anopheles dirus,1.4014005407815442,8,0.6833234151260426,Q03013,MSMTLGYWDIRGLAHAIRLLLEYTDSSYEEKKYTMGDAPDYDRSQWLNEKFKLGLDFPNLPYLIDGAHKITQSNAILCYIARKHNLCGETEEEKIRVDILENQAMDVSNQLARVCYSPDFEKLKPEYLEELPTMMQHFSQFLGKRPWFVGDKITFVDFLAYDVLDLHRIFEPNCLDAFPNLKDFISRFEGLEKISAYMKSSRFLPKPLYTRVAVWGNK,7.5,7.75,30.0,35.0,25000.0,0.645
2.5.1.18,Anopheles dirus,1.4014005407815442,8,0.6833234151260426,O43813,MAQRAFPNPYADYNKSLAEGYFDAAGRLTPEFSQRLTNKIRELLQQMERGLKSADPRDGTGYTGWAGIAVLYLHLYDVFGDPAYLQLAHGYVKQSLNCLTKRSITFLCGDAGPLAVAAVLYHKMNNEKQAEDCITRLIHLNKIDPHAPNEMLYGRIGYIYALLFVNKNFGVEKIPQSHIQQICETILTSGENLARKRNFTAKSPLMYEWYQEYYVGAAHGLAGIYYYLMQPSLQVSQGKLHSLVKPSVDYVCQLKFPSGNYPPCIGDNRDLLVHWCHGAPGVIYMLIQAYKVFREEKYLCDAYQCADVIWQYGLLKKGYGLCHGSAGNAYAFLTLYNLTQDMKYLYRACKFAEWCLEYGEHGCRTPDTPFSLFEGMAGTIYFLADLLVPTKARFPAFEL,7.5,7.75,30.0,35.0,25000.0,0.645
2.5.1.18,Anopheles dirus,1.4014005407815442,8,0.6833234151260426,P10620,MVDLTQVMDDEVFMAFASYATIILSKMMLMSTATAFYRLTRKVFANPEDCVAFGKGENAKKYLRTDDRVERVRRAHLNDLENIIPFLGIGLLYSLSGPDPSTAILHFRLFVGARIYHTIAYLTPLPQPNRALSFFVGYGVTLSMAYRLLKSKLYL,7.5,7.75,30.0,35.0,25000.0,0.645
2.5.1.18,Anopheles dirus,1.4014005407815442,8,0.6833234151260426,O60760,MPNYKLTYFNMRGRAEIIRYIFAYLDIQYEDHRIEQADWPEIKSTLPFGKIPILEVDGLTLHQSLAIARYLTKNTDLAGNTEMEQCHVDAIVDTLDDFMSCFPWAEKKQDVKEQMFNELLTYNAPHLMQDLDTYLGGREWLIGNSVTWADFYWEICSTTLLVFKPDLLDNHPRLVTLRKKVQAIPAVANWIKRRPQTKL,7.5,7.75,30.0,35.0,25000.0,0.645
2.5.1.18,Thermosynechococcus vestitus,1.2804313473637323,2,0.0706858247089447,Q99735,MAGNSILLAAVSILSACQQSYFALQVGKARLKYKVTPPAVTGSPEFERVFRAQQNCVEFYPIFIITLWMAGWYFNQVFATCLGLVYIYGRHLYFWGYSEAAKKRITGFRLSLGILALLTLLGALGIANSFLDEYLDLNIAKKLRRQF,7.0,7.75,30.0,35.0,26800.0,0.1035
2.5.1.18,Thermosynechococcus vestitus,1.2804313473637323,2,0.0706858247089447,Q03013,MSMTLGYWDIRGLAHAIRLLLEYTDSSYEEKKYTMGDAPDYDRSQWLNEKFKLGLDFPNLPYLIDGAHKITQSNAILCYIARKHNLCGETEEEKIRVDILENQAMDVSNQLARVCYSPDFEKLKPEYLEELPTMMQHFSQFLGKRPWFVGDKITFVDFLAYDVLDLHRIFEPNCLDAFPNLKDFISRFEGLEKISAYMKSSRFLPKPLYTRVAVWGNK,7.0,7.75,30.0,35.0,26800.0,0.1035
2.5.1.18,Thermosynechococcus vestitus,1.2804313473637323,2,0.0706858247089447,O43813,MAQRAFPNPYADYNKSLAEGYFDAAGRLTPEFSQRLTNKIRELLQQMERGLKSADPRDGTGYTGWAGIAVLYLHLYDVFGDPAYLQLAHGYVKQSLNCLTKRSITFLCGDAGPLAVAAVLYHKMNNEKQAEDCITRLIHLNKIDPHAPNEMLYGRIGYIYALLFVNKNFGVEKIPQSHIQQICETILTSGENLARKRNFTAKSPLMYEWYQEYYVGAAHGLAGIYYYLMQPSLQVSQGKLHSLVKPSVDYVCQLKFPSGNYPPCIGDNRDLLVHWCHGAPGVIYMLIQAYKVFREEKYLCDAYQCADVIWQYGLLKKGYGLCHGSAGNAYAFLTLYNLTQDMKYLYRACKFAEWCLEYGEHGCRTPDTPFSLFEGMAGTIYFLADLLVPTKARFPAFEL,7.0,7.75,30.0,35.0,26800.0,0.1035
2.5.1.18,Thermosynechococcus vestitus,1.2804313473637323,2,0.0706858247089447,P10620,MVDLTQVMDDEVFMAFASYATIILSKMMLMSTATAFYRLTRKVFANPEDCVAFGKGENAKKYLRTDDRVERVRRAHLNDLENIIPFLGIGLLYSLSGPDPSTAILHFRLFVGARIYHTIAYLTPLPQPNRALSFFVGYGVTLSMAYRLLKSKLYL,7.0,7.75,30.0,35.0,26800.0,0.1035
2.5.1.18,Thermosynechococcus vestitus,1.2804313473637323,2,0.0706858247089447,O60760,MPNYKLTYFNMRGRAEIIRYIFAYLDIQYEDHRIEQADWPEIKSTLPFGKIPILEVDGLTLHQSLAIARYLTKNTDLAGNTEMEQCHVDAIVDTLDDFMSCFPWAEKKQDVKEQMFNELLTYNAPHLMQDLDTYLGGREWLIGNSVTWADFYWEICSTTLLVFKPDLLDNHPRLVTLRKKVQAIPAVANWIKRRPQTKL,7.0,7.75,30.0,35.0,26800.0,0.1035
2.5.1.18,Triticum aestivum,1.1261351729941609,2,0.1254530113608599,Q99735,MAGNSILLAAVSILSACQQSYFALQVGKARLKYKVTPPAVTGSPEFERVFRAQQNCVEFYPIFIITLWMAGWYFNQVFATCLGLVYIYGRHLYFWGYSEAAKKRITGFRLSLGILALLTLLGALGIANSFLDEYLDLNIAKKLRRQF,6.75,7.5,32.5,35.0,24500.0,0.5645
2.5.1.18,Triticum aestivum,1.1261351729941609,2,0.1254530113608599,Q03013,MSMTLGYWDIRGLAHAIRLLLEYTDSSYEEKKYTMGDAPDYDRSQWLNEKFKLGLDFPNLPYLIDGAHKITQSNAILCYIARKHNLCGETEEEKIRVDILENQAMDVSNQLARVCYSPDFEKLKPEYLEELPTMMQHFSQFLGKRPWFVGDKITFVDFLAYDVLDLHRIFEPNCLDAFPNLKDFISRFEGLEKISAYMKSSRFLPKPLYTRVAVWGNK,6.75,7.5,32.5,35.0,24500.0,0.5645
2.5.1.18,Triticum aestivum,1.1261351729941609,2,0.1254530113608599,O43813,MAQRAFPNPYADYNKSLAEGYFDAAGRLTPEFSQRLTNKIRELLQQMERGLKSADPRDGTGYTGWAGIAVLYLHLYDVFGDPAYLQLAHGYVKQSLNCLTKRSITFLCGDAGPLAVAAVLYHKMNNEKQAEDCITRLIHLNKIDPHAPNEMLYGRIGYIYALLFVNKNFGVEKIPQSHIQQICETILTSGENLARKRNFTAKSPLMYEWYQEYYVGAAHGLAGIYYYLMQPSLQVSQGKLHSLVKPSVDYVCQLKFPSGNYPPCIGDNRDLLVHWCHGAPGVIYMLIQAYKVFREEKYLCDAYQCADVIWQYGLLKKGYGLCHGSAGNAYAFLTLYNLTQDMKYLYRACKFAEWCLEYGEHGCRTPDTPFSLFEGMAGTIYFLADLLVPTKARFPAFEL,6.75,7.5,32.5,35.0,24500.0,0.5645
2.5.1.18,Triticum aestivum,1.1261351729941609,2,0.1254530113608599,P10620,MVDLTQVMDDEVFMAFASYATIILSKMMLMSTATAFYRLTRKVFANPEDCVAFGKGENAKKYLRTDDRVERVRRAHLNDLENIIPFLGIGLLYSLSGPDPSTAILHFRLFVGARIYHTIAYLTPLPQPNRALSFFVGYGVTLSMAYRLLKSKLYL,6.75,7.5,32.5,35.0,24500.0,0.5645
2.5.1.18,Triticum aestivum,1.1261351729941609,2,0.1254530113608599,O60760,MPNYKLTYFNMRGRAEIIRYIFAYLDIQYEDHRIEQADWPEIKSTLPFGKIPILEVDGLTLHQSLAIARYLTKNTDLAGNTEMEQCHVDAIVDTLDDFMSCFPWAEKKQDVKEQMFNELLTYNAPHLMQDLDTYLGGREWLIGNSVTWADFYWEICSTTLLVFKPDLLDNHPRLVTLRKKVQAIPAVANWIKRRPQTKL,6.75,7.5,32.5,35.0,24500.0,0.5645
2.5.1.18,Monopterus albus,0.484726594625219,2,0.137654977828321,Q99735,MAGNSILLAAVSILSACQQSYFALQVGKARLKYKVTPPAVTGSPEFERVFRAQQNCVEFYPIFIITLWMAGWYFNQVFATCLGLVYIYGRHLYFWGYSEAAKKRITGFRLSLGILALLTLLGALGIANSFLDEYLDLNIAKKLRRQF,7.0,7.5,30.0,35.0,26000.0,0.24
2.5.1.18,Monopterus albus,0.484726594625219,2,0.137654977828321,Q03013,MSMTLGYWDIRGLAHAIRLLLEYTDSSYEEKKYTMGDAPDYDRSQWLNEKFKLGLDFPNLPYLIDGAHKITQSNAILCYIARKHNLCGETEEEKIRVDILENQAMDVSNQLARVCYSPDFEKLKPEYLEELPTMMQHFSQFLGKRPWFVGDKITFVDFLAYDVLDLHRIFEPNCLDAFPNLKDFISRFEGLEKISAYMKSSRFLPKPLYTRVAVWGNK,7.0,7.5,30.0,35.0,26000.0,0.24
2.5.1.18,Monopterus albus,0.484726594625219,2,0.137654977828321,O43813,MAQRAFPNPYADYNKSLAEGYFDAAGRLTPEFSQRLTNKIRELLQQMERGLKSADPRDGTGYTGWAGIAVLYLHLYDVFGDPAYLQLAHGYVKQSLNCLTKRSITFLCGDAGPLAVAAVLYHKMNNEKQAEDCITRLIHLNKIDPHAPNEMLYGRIGYIYALLFVNKNFGVEKIPQSHIQQICETILTSGENLARKRNFTAKSPLMYEWYQEYYVGAAHGLAGIYYYLMQPSLQVSQGKLHSLVKPSVDYVCQLKFPSGNYPPCIGDNRDLLVHWCHGAPGVIYMLIQAYKVFREEKYLCDAYQCADVIWQYGLLKKGYGLCHGSAGNAYAFLTLYNLTQDMKYLYRACKFAEWCLEYGEHGCRTPDTPFSLFEGMAGTIYFLADLLVPTKARFPAFEL,7.0,7.5,30.0,35.0,26000.0,0.24
2.5.1.18,Monopterus albus,0.484726594625219,2,0.137654977828321,P10620,MVDLTQVMDDEVFMAFASYATIILSKMMLMSTATAFYRLTRKVFANPEDCVAFGKGENAKKYLRTDDRVERVRRAHLNDLENIIPFLGIGLLYSLSGPDPSTAILHFRLFVGARIYHTIAYLTPLPQPNRALSFFVGYGVTLSMAYRLLKSKLYL,7.0,7.5,30.0,35.0,26000.0,0.24
2.5.1.18,Monopterus albus,0.484726594625219,2,0.137654977828321,O60760,MPNYKLTYFNMRGRAEIIRYIFAYLDIQYEDHRIEQADWPEIKSTLPFGKIPILEVDGLTLHQSLAIARYLTKNTDLAGNTEMEQCHVDAIVDTLDDFMSCFPWAEKKQDVKEQMFNELLTYNAPHLMQDLDTYLGGREWLIGNSVTWADFYWEICSTTLLVFKPDLLDNHPRLVTLRKKVQAIPAVANWIKRRPQTKL,7.0,7.5,30.0,35.0,26000.0,0.24
2.5.1.18,Anopheles gambiae,-0.8538719643217619,2,0.2190644526500125,Q99735,MAGNSILLAAVSILSACQQSYFALQVGKARLKYKVTPPAVTGSPEFERVFRAQQNCVEFYPIFIITLWMAGWYFNQVFATCLGLVYIYGRHLYFWGYSEAAKKRITGFRLSLGILALLTLLGALGIANSFLDEYLDLNIAKKLRRQF,7.0,7.75,30.0,35.0,24000.0,0.001225
2.5.1.18,Anopheles gambiae,-0.8538719643217619,2,0.2190644526500125,Q03013,MSMTLGYWDIRGLAHAIRLLLEYTDSSYEEKKYTMGDAPDYDRSQWLNEKFKLGLDFPNLPYLIDGAHKITQSNAILCYIARKHNLCGETEEEKIRVDILENQAMDVSNQLARVCYSPDFEKLKPEYLEELPTMMQHFSQFLGKRPWFVGDKITFVDFLAYDVLDLHRIFEPNCLDAFPNLKDFISRFEGLEKISAYMKSSRFLPKPLYTRVAVWGNK,7.0,7.75,30.0,35.0,24000.0,0.001225
2.5.1.18,Anopheles gambiae,-0.8538719643217619,2,0.2190644526500125,O43813,MAQRAFPNPYADYNKSLAEGYFDAAGRLTPEFSQRLTNKIRELLQQMERGLKSADPRDGTGYTGWAGIAVLYLHLYDVFGDPAYLQLAHGYVKQSLNCLTKRSITFLCGDAGPLAVAAVLYHKMNNEKQAEDCITRLIHLNKIDPHAPNEMLYGRIGYIYALLFVNKNFGVEKIPQSHIQQICETILTSGENLARKRNFTAKSPLMYEWYQEYYVGAAHGLAGIYYYLMQPSLQVSQGKLHSLVKPSVDYVCQLKFPSGNYPPCIGDNRDLLVHWCHGAPGVIYMLIQAYKVFREEKYLCDAYQCADVIWQYGLLKKGYGLCHGSAGNAYAFLTLYNLTQDMKYLYRACKFAEWCLEYGEHGCRTPDTPFSLFEGMAGTIYFLADLLVPTKARFPAFEL,7.0,7.75,30.0,35.0,24000.0,0.001225
2.5.1.18,Anopheles gambiae,-0.8538719643217619,2,0.2190644526500125,P10620,MVDLTQVMDDEVFMAFASYATIILSKMMLMSTATAFYRLTRKVFANPEDCVAFGKGENAKKYLRTDDRVERVRRAHLNDLENIIPFLGIGLLYSLSGPDPSTAILHFRLFVGARIYHTIAYLTPLPQPNRALSFFVGYGVTLSMAYRLLKSKLYL,7.0,7.75,30.0,35.0,24000.0,0.001225
2.5.1.18,Anopheles gambiae,-0.8538719643217619,2,0.2190644526500125,O60760,MPNYKLTYFNMRGRAEIIRYIFAYLDIQYEDHRIEQADWPEIKSTLPFGKIPILEVDGLTLHQSLAIARYLTKNTDLAGNTEMEQCHVDAIVDTLDDFMSCFPWAEKKQDVKEQMFNELLTYNAPHLMQDLDTYLGGREWLIGNSVTWADFYWEICSTTLLVFKPDLLDNHPRLVTLRKKVQAIPAVANWIKRRPQTKL,7.0,7.75,30.0,35.0,24000.0,0.001225
2.5.1.18,Brucella anthropi,0.794407467767265,2,0.5986926115814524,Q99735,MAGNSILLAAVSILSACQQSYFALQVGKARLKYKVTPPAVTGSPEFERVFRAQQNCVEFYPIFIITLWMAGWYFNQVFATCLGLVYIYGRHLYFWGYSEAAKKRITGFRLSLGILALLTLLGALGIANSFLDEYLDLNIAKKLRRQF,7.0,7.75,30.0,35.0,26800.0,3.514
2.5.1.18,Brucella anthropi,0.794407467767265,2,0.5986926115814524,Q03013,MSMTLGYWDIRGLAHAIRLLLEYTDSSYEEKKYTMGDAPDYDRSQWLNEKFKLGLDFPNLPYLIDGAHKITQSNAILCYIARKHNLCGETEEEKIRVDILENQAMDVSNQLARVCYSPDFEKLKPEYLEELPTMMQHFSQFLGKRPWFVGDKITFVDFLAYDVLDLHRIFEPNCLDAFPNLKDFISRFEGLEKISAYMKSSRFLPKPLYTRVAVWGNK,7.0,7.75,30.0,35.0,26800.0,3.514
2.5.1.18,Brucella anthropi,0.794407467767265,2,0.5986926115814524,O43813,MAQRAFPNPYADYNKSLAEGYFDAAGRLTPEFSQRLTNKIRELLQQMERGLKSADPRDGTGYTGWAGIAVLYLHLYDVFGDPAYLQLAHGYVKQSLNCLTKRSITFLCGDAGPLAVAAVLYHKMNNEKQAEDCITRLIHLNKIDPHAPNEMLYGRIGYIYALLFVNKNFGVEKIPQSHIQQICETILTSGENLARKRNFTAKSPLMYEWYQEYYVGAAHGLAGIYYYLMQPSLQVSQGKLHSLVKPSVDYVCQLKFPSGNYPPCIGDNRDLLVHWCHGAPGVIYMLIQAYKVFREEKYLCDAYQCADVIWQYGLLKKGYGLCHGSAGNAYAFLTLYNLTQDMKYLYRACKFAEWCLEYGEHGCRTPDTPFSLFEGMAGTIYFLADLLVPTKARFPAFEL,7.0,7.75,30.0,35.0,26800.0,3.514
2.5.1.18,Brucella anthropi,0.794407467767265,2,0.5986926115814524,P10620,MVDLTQVMDDEVFMAFASYATIILSKMMLMSTATAFYRLTRKVFANPEDCVAFGKGENAKKYLRTDDRVERVRRAHLNDLENIIPFLGIGLLYSLSGPDPSTAILHFRLFVGARIYHTIAYLTPLPQPNRALSFFVGYGVTLSMAYRLLKSKLYL,7.0,7.75,30.0,35.0,26800.0,3.514
2.5.1.18,Brucella anthropi,0.794407467767265,2,0.5986926115814524,O60760,MPNYKLTYFNMRGRAEIIRYIFAYLDIQYEDHRIEQADWPEIKSTLPFGKIPILEVDGLTLHQSLAIARYLTKNTDLAGNTEMEQCHVDAIVDTLDDFMSCFPWAEKKQDVKEQMFNELLTYNAPHLMQDLDTYLGGREWLIGNSVTWADFYWEICSTTLLVFKPDLLDNHPRLVTLRKKVQAIPAVANWIKRRPQTKL,7.0,7.75,30.0,35.0,26800.0,3.514
2.5.1.18,Oryza sativa,-0.5842314748994373,4,0.0067381415646333,Q99735,MAGNSILLAAVSILSACQQSYFALQVGKARLKYKVTPPAVTGSPEFERVFRAQQNCVEFYPIFIITLWMAGWYFNQVFATCLGLVYIYGRHLYFWGYSEAAKKRITGFRLSLGILALLTLLGALGIANSFLDEYLDLNIAKKLRRQF,7.0,7.75,37.5,40.0,28000.0,0.3419999999999999
2.5.1.18,Oryza sativa,-0.5842314748994373,4,0.0067381415646333,Q03013,MSMTLGYWDIRGLAHAIRLLLEYTDSSYEEKKYTMGDAPDYDRSQWLNEKFKLGLDFPNLPYLIDGAHKITQSNAILCYIARKHNLCGETEEEKIRVDILENQAMDVSNQLARVCYSPDFEKLKPEYLEELPTMMQHFSQFLGKRPWFVGDKITFVDFLAYDVLDLHRIFEPNCLDAFPNLKDFISRFEGLEKISAYMKSSRFLPKPLYTRVAVWGNK,7.0,7.75,37.5,40.0,28000.0,0.3419999999999999
2.5.1.18,Oryza sativa,-0.5842314748994373,4,0.0067381415646333,O43813,MAQRAFPNPYADYNKSLAEGYFDAAGRLTPEFSQRLTNKIRELLQQMERGLKSADPRDGTGYTGWAGIAVLYLHLYDVFGDPAYLQLAHGYVKQSLNCLTKRSITFLCGDAGPLAVAAVLYHKMNNEKQAEDCITRLIHLNKIDPHAPNEMLYGRIGYIYALLFVNKNFGVEKIPQSHIQQICETILTSGENLARKRNFTAKSPLMYEWYQEYYVGAAHGLAGIYYYLMQPSLQVSQGKLHSLVKPSVDYVCQLKFPSGNYPPCIGDNRDLLVHWCHGAPGVIYMLIQAYKVFREEKYLCDAYQCADVIWQYGLLKKGYGLCHGSAGNAYAFLTLYNLTQDMKYLYRACKFAEWCLEYGEHGCRTPDTPFSLFEGMAGTIYFLADLLVPTKARFPAFEL,7.0,7.75,37.5,40.0,28000.0,0.3419999999999999
2.5.1.18,Oryza sativa,-0.5842314748994373,4,0.0067381415646333,P10620,MVDLTQVMDDEVFMAFASYATIILSKMMLMSTATAFYRLTRKVFANPEDCVAFGKGENAKKYLRTDDRVERVRRAHLNDLENIIPFLGIGLLYSLSGPDPSTAILHFRLFVGARIYHTIAYLTPLPQPNRALSFFVGYGVTLSMAYRLLKSKLYL,7.0,7.75,37.5,40.0,28000.0,0.3419999999999999
2.5.1.18,Oryza sativa,-0.5842314748994373,4,0.0067381415646333,O60760,MPNYKLTYFNMRGRAEIIRYIFAYLDIQYEDHRIEQADWPEIKSTLPFGKIPILEVDGLTLHQSLAIARYLTKNTDLAGNTEMEQCHVDAIVDTLDDFMSCFPWAEKKQDVKEQMFNELLTYNAPHLMQDLDTYLGGREWLIGNSVTWADFYWEICSTTLLVFKPDLLDNHPRLVTLRKKVQAIPAVANWIKRRPQTKL,7.0,7.75,37.5,40.0,28000.0,0.3419999999999999
2.5.1.18,Spinacia oleracea,-0.5816987086802545,3,0.6054103947108894,Q99735,MAGNSILLAAVSILSACQQSYFALQVGKARLKYKVTPPAVTGSPEFERVFRAQQNCVEFYPIFIITLWMAGWYFNQVFATCLGLVYIYGRHLYFWGYSEAAKKRITGFRLSLGILALLTLLGALGIANSFLDEYLDLNIAKKLRRQF,7.0,7.75,30.0,35.0,26800.0,0.093
2.5.1.18,Spinacia oleracea,-0.5816987086802545,3,0.6054103947108894,Q03013,MSMTLGYWDIRGLAHAIRLLLEYTDSSYEEKKYTMGDAPDYDRSQWLNEKFKLGLDFPNLPYLIDGAHKITQSNAILCYIARKHNLCGETEEEKIRVDILENQAMDVSNQLARVCYSPDFEKLKPEYLEELPTMMQHFSQFLGKRPWFVGDKITFVDFLAYDVLDLHRIFEPNCLDAFPNLKDFISRFEGLEKISAYMKSSRFLPKPLYTRVAVWGNK,7.0,7.75,30.0,35.0,26800.0,0.093
2.5.1.18,Spinacia oleracea,-0.5816987086802545,3,0.6054103947108894,O43813,MAQRAFPNPYADYNKSLAEGYFDAAGRLTPEFSQRLTNKIRELLQQMERGLKSADPRDGTGYTGWAGIAVLYLHLYDVFGDPAYLQLAHGYVKQSLNCLTKRSITFLCGDAGPLAVAAVLYHKMNNEKQAEDCITRLIHLNKIDPHAPNEMLYGRIGYIYALLFVNKNFGVEKIPQSHIQQICETILTSGENLARKRNFTAKSPLMYEWYQEYYVGAAHGLAGIYYYLMQPSLQVSQGKLHSLVKPSVDYVCQLKFPSGNYPPCIGDNRDLLVHWCHGAPGVIYMLIQAYKVFREEKYLCDAYQCADVIWQYGLLKKGYGLCHGSAGNAYAFLTLYNLTQDMKYLYRACKFAEWCLEYGEHGCRTPDTPFSLFEGMAGTIYFLADLLVPTKARFPAFEL,7.0,7.75,30.0,35.0,26800.0,0.093
2.5.1.18,Spinacia oleracea,-0.5816987086802545,3,0.6054103947108894,P10620,MVDLTQVMDDEVFMAFASYATIILSKMMLMSTATAFYRLTRKVFANPEDCVAFGKGENAKKYLRTDDRVERVRRAHLNDLENIIPFLGIGLLYSLSGPDPSTAILHFRLFVGARIYHTIAYLTPLPQPNRALSFFVGYGVTLSMAYRLLKSKLYL,7.0,7.75,30.0,35.0,26800.0,0.093
2.5.1.18,Spinacia oleracea,-0.5816987086802545,3,0.6054103947108894,O60760,MPNYKLTYFNMRGRAEIIRYIFAYLDIQYEDHRIEQADWPEIKSTLPFGKIPILEVDGLTLHQSLAIARYLTKNTDLAGNTEMEQCHVDAIVDTLDDFMSCFPWAEKKQDVKEQMFNELLTYNAPHLMQDLDTYLGGREWLIGNSVTWADFYWEICSTTLLVFKPDLLDNHPRLVTLRKKVQAIPAVANWIKRRPQTKL,7.0,7.75,30.0,35.0,26800.0,0.093
2.5.1.18,Escherichia coli,0.9227660587467876,2,0.0513010687203914,Q99735,MAGNSILLAAVSILSACQQSYFALQVGKARLKYKVTPPAVTGSPEFERVFRAQQNCVEFYPIFIITLWMAGWYFNQVFATCLGLVYIYGRHLYFWGYSEAAKKRITGFRLSLGILALLTLLGALGIANSFLDEYLDLNIAKKLRRQF,6.5,7.0,25.0,35.0,22500.0,1.9
2.5.1.18,Escherichia coli,0.9227660587467876,2,0.0513010687203914,Q03013,MSMTLGYWDIRGLAHAIRLLLEYTDSSYEEKKYTMGDAPDYDRSQWLNEKFKLGLDFPNLPYLIDGAHKITQSNAILCYIARKHNLCGETEEEKIRVDILENQAMDVSNQLARVCYSPDFEKLKPEYLEELPTMMQHFSQFLGKRPWFVGDKITFVDFLAYDVLDLHRIFEPNCLDAFPNLKDFISRFEGLEKISAYMKSSRFLPKPLYTRVAVWGNK,6.5,7.0,25.0,35.0,22500.0,1.9
2.5.1.18,Escherichia coli,0.9227660587467876,2,0.0513010687203914,O43813,MAQRAFPNPYADYNKSLAEGYFDAAGRLTPEFSQRLTNKIRELLQQMERGLKSADPRDGTGYTGWAGIAVLYLHLYDVFGDPAYLQLAHGYVKQSLNCLTKRSITFLCGDAGPLAVAAVLYHKMNNEKQAEDCITRLIHLNKIDPHAPNEMLYGRIGYIYALLFVNKNFGVEKIPQSHIQQICETILTSGENLARKRNFTAKSPLMYEWYQEYYVGAAHGLAGIYYYLMQPSLQVSQGKLHSLVKPSVDYVCQLKFPSGNYPPCIGDNRDLLVHWCHGAPGVIYMLIQAYKVFREEKYLCDAYQCADVIWQYGLLKKGYGLCHGSAGNAYAFLTLYNLTQDMKYLYRACKFAEWCLEYGEHGCRTPDTPFSLFEGMAGTIYFLADLLVPTKARFPAFEL,6.5,7.0,25.0,35.0,22500.0,1.9
2.5.1.18,Escherichia coli,0.9227660587467876,2,0.0513010687203914,P10620,MVDLTQVMDDEVFMAFASYATIILSKMMLMSTATAFYRLTRKVFANPEDCVAFGKGENAKKYLRTDDRVERVRRAHLNDLENIIPFLGIGLLYSLSGPDPSTAILHFRLFVGARIYHTIAYLTPLPQPNRALSFFVGYGVTLSMAYRLLKSKLYL,6.5,7.0,25.0,35.0,22500.0,1.9
2.5.1.18,Escherichia coli,0.9227660587467876,2,0.0513010687203914,O60760,MPNYKLTYFNMRGRAEIIRYIFAYLDIQYEDHRIEQADWPEIKSTLPFGKIPILEVDGLTLHQSLAIARYLTKNTDLAGNTEMEQCHVDAIVDTLDDFMSCFPWAEKKQDVKEQMFNELLTYNAPHLMQDLDTYLGGREWLIGNSVTWADFYWEICSTTLLVFKPDLLDNHPRLVTLRKKVQAIPAVANWIKRRPQTKL,6.5,7.0,25.0,35.0,22500.0,1.9
2.5.1.18,Glycine max,-0.161379077026673,8,1.0913061123927184,Q99735,MAGNSILLAAVSILSACQQSYFALQVGKARLKYKVTPPAVTGSPEFERVFRAQQNCVEFYPIFIITLWMAGWYFNQVFATCLGLVYIYGRHLYFWGYSEAAKKRITGFRLSLGILALLTLLGALGIANSFLDEYLDLNIAKKLRRQF,7.5,7.75,30.0,35.0,37500.0,0.125
2.5.1.18,Glycine max,-0.161379077026673,8,1.0913061123927184,Q03013,MSMTLGYWDIRGLAHAIRLLLEYTDSSYEEKKYTMGDAPDYDRSQWLNEKFKLGLDFPNLPYLIDGAHKITQSNAILCYIARKHNLCGETEEEKIRVDILENQAMDVSNQLARVCYSPDFEKLKPEYLEELPTMMQHFSQFLGKRPWFVGDKITFVDFLAYDVLDLHRIFEPNCLDAFPNLKDFISRFEGLEKISAYMKSSRFLPKPLYTRVAVWGNK,7.5,7.75,30.0,35.0,37500.0,0.125
2.5.1.18,Glycine max,-0.161379077026673,8,1.0913061123927184,O43813,MAQRAFPNPYADYNKSLAEGYFDAAGRLTPEFSQRLTNKIRELLQQMERGLKSADPRDGTGYTGWAGIAVLYLHLYDVFGDPAYLQLAHGYVKQSLNCLTKRSITFLCGDAGPLAVAAVLYHKMNNEKQAEDCITRLIHLNKIDPHAPNEMLYGRIGYIYALLFVNKNFGVEKIPQSHIQQICETILTSGENLARKRNFTAKSPLMYEWYQEYYVGAAHGLAGIYYYLMQPSLQVSQGKLHSLVKPSVDYVCQLKFPSGNYPPCIGDNRDLLVHWCHGAPGVIYMLIQAYKVFREEKYLCDAYQCADVIWQYGLLKKGYGLCHGSAGNAYAFLTLYNLTQDMKYLYRACKFAEWCLEYGEHGCRTPDTPFSLFEGMAGTIYFLADLLVPTKARFPAFEL,7.5,7.75,30.0,35.0,37500.0,0.125
2.5.1.18,Glycine max,-0.161379077026673,8,1.0913061123927184,P10620,MVDLTQVMDDEVFMAFASYATIILSKMMLMSTATAFYRLTRKVFANPEDCVAFGKGENAKKYLRTDDRVERVRRAHLNDLENIIPFLGIGLLYSLSGPDPSTAILHFRLFVGARIYHTIAYLTPLPQPNRALSFFVGYGVTLSMAYRLLKSKLYL,7.5,7.75,30.0,35.0,37500.0,0.125
2.5.1.18,Glycine max,-0.161379077026673,8,1.0913061123927184,O60760,MPNYKLTYFNMRGRAEIIRYIFAYLDIQYEDHRIEQADWPEIKSTLPFGKIPILEVDGLTLHQSLAIARYLTKNTDLAGNTEMEQCHVDAIVDTLDDFMSCFPWAEKKQDVKEQMFNELLTYNAPHLMQDLDTYLGGREWLIGNSVTWADFYWEICSTTLLVFKPDLLDNHPRLVTLRKKVQAIPAVANWIKRRPQTKL,7.5,7.75,30.0,35.0,37500.0,0.125
2.5.1.18,Nilaparvata lugens,0.3180131379536031,2,0.1534395176198266,Q99735,MAGNSILLAAVSILSACQQSYFALQVGKARLKYKVTPPAVTGSPEFERVFRAQQNCVEFYPIFIITLWMAGWYFNQVFATCLGLVYIYGRHLYFWGYSEAAKKRITGFRLSLGILALLTLLGALGIANSFLDEYLDLNIAKKLRRQF,7.0,7.75,30.0,35.0,26800.0,0.79
2.5.1.18,Nilaparvata lugens,0.3180131379536031,2,0.1534395176198266,Q03013,MSMTLGYWDIRGLAHAIRLLLEYTDSSYEEKKYTMGDAPDYDRSQWLNEKFKLGLDFPNLPYLIDGAHKITQSNAILCYIARKHNLCGETEEEKIRVDILENQAMDVSNQLARVCYSPDFEKLKPEYLEELPTMMQHFSQFLGKRPWFVGDKITFVDFLAYDVLDLHRIFEPNCLDAFPNLKDFISRFEGLEKISAYMKSSRFLPKPLYTRVAVWGNK,7.0,7.75,30.0,35.0,26800.0,0.79
2.5.1.18,Nilaparvata lugens,0.3180131379536031,2,0.1534395176198266,O43813,MAQRAFPNPYADYNKSLAEGYFDAAGRLTPEFSQRLTNKIRELLQQMERGLKSADPRDGTGYTGWAGIAVLYLHLYDVFGDPAYLQLAHGYVKQSLNCLTKRSITFLCGDAGPLAVAAVLYHKMNNEKQAEDCITRLIHLNKIDPHAPNEMLYGRIGYIYALLFVNKNFGVEKIPQSHIQQICETILTSGENLARKRNFTAKSPLMYEWYQEYYVGAAHGLAGIYYYLMQPSLQVSQGKLHSLVKPSVDYVCQLKFPSGNYPPCIGDNRDLLVHWCHGAPGVIYMLIQAYKVFREEKYLCDAYQCADVIWQYGLLKKGYGLCHGSAGNAYAFLTLYNLTQDMKYLYRACKFAEWCLEYGEHGCRTPDTPFSLFEGMAGTIYFLADLLVPTKARFPAFEL,7.0,7.75,30.0,35.0,26800.0,0.79
2.5.1.18,Nilaparvata lugens,0.3180131379536031,2,0.1534395176198266,P10620,MVDLTQVMDDEVFMAFASYATIILSKMMLMSTATAFYRLTRKVFANPEDCVAFGKGENAKKYLRTDDRVERVRRAHLNDLENIIPFLGIGLLYSLSGPDPSTAILHFRLFVGARIYHTIAYLTPLPQPNRALSFFVGYGVTLSMAYRLLKSKLYL,7.0,7.75,30.0,35.0,26800.0,0.79
2.5.1.18,Nilaparvata lugens,0.3180131379536031,2,0.1534395176198266,O60760,MPNYKLTYFNMRGRAEIIRYIFAYLDIQYEDHRIEQADWPEIKSTLPFGKIPILEVDGLTLHQSLAIARYLTKNTDLAGNTEMEQCHVDAIVDTLDDFMSCFPWAEKKQDVKEQMFNELLTYNAPHLMQDLDTYLGGREWLIGNSVTWADFYWEICSTTLLVFKPDLLDNHPRLVTLRKKVQAIPAVANWIKRRPQTKL,7.0,7.75,30.0,35.0,26800.0,0.79
2.5.1.18,Gelatoporia subvermispora,-1.6111416306951871,4,1.2434743874677965,Q99735,MAGNSILLAAVSILSACQQSYFALQVGKARLKYKVTPPAVTGSPEFERVFRAQQNCVEFYPIFIITLWMAGWYFNQVFATCLGLVYIYGRHLYFWGYSEAAKKRITGFRLSLGILALLTLLGALGIANSFLDEYLDLNIAKKLRRQF,7.0,7.75,30.0,35.0,26800.0,0.01162
2.5.1.18,Gelatoporia subvermispora,-1.6111416306951871,4,1.2434743874677965,Q03013,MSMTLGYWDIRGLAHAIRLLLEYTDSSYEEKKYTMGDAPDYDRSQWLNEKFKLGLDFPNLPYLIDGAHKITQSNAILCYIARKHNLCGETEEEKIRVDILENQAMDVSNQLARVCYSPDFEKLKPEYLEELPTMMQHFSQFLGKRPWFVGDKITFVDFLAYDVLDLHRIFEPNCLDAFPNLKDFISRFEGLEKISAYMKSSRFLPKPLYTRVAVWGNK,7.0,7.75,30.0,35.0,26800.0,0.01162
2.5.1.18,Gelatoporia subvermispora,-1.6111416306951871,4,1.2434743874677965,O43813,MAQRAFPNPYADYNKSLAEGYFDAAGRLTPEFSQRLTNKIRELLQQMERGLKSADPRDGTGYTGWAGIAVLYLHLYDVFGDPAYLQLAHGYVKQSLNCLTKRSITFLCGDAGPLAVAAVLYHKMNNEKQAEDCITRLIHLNKIDPHAPNEMLYGRIGYIYALLFVNKNFGVEKIPQSHIQQICETILTSGENLARKRNFTAKSPLMYEWYQEYYVGAAHGLAGIYYYLMQPSLQVSQGKLHSLVKPSVDYVCQLKFPSGNYPPCIGDNRDLLVHWCHGAPGVIYMLIQAYKVFREEKYLCDAYQCADVIWQYGLLKKGYGLCHGSAGNAYAFLTLYNLTQDMKYLYRACKFAEWCLEYGEHGCRTPDTPFSLFEGMAGTIYFLADLLVPTKARFPAFEL,7.0,7.75,30.0,35.0,26800.0,0.01162
2.5.1.18,Gelatoporia subvermispora,-1.6111416306951871,4,1.2434743874677965,P10620,MVDLTQVMDDEVFMAFASYATIILSKMMLMSTATAFYRLTRKVFANPEDCVAFGKGENAKKYLRTDDRVERVRRAHLNDLENIIPFLGIGLLYSLSGPDPSTAILHFRLFVGARIYHTIAYLTPLPQPNRALSFFVGYGVTLSMAYRLLKSKLYL,7.0,7.75,30.0,35.0,26800.0,0.01162
2.5.1.18,Gelatoporia subvermispora,-1.6111416306951871,4,1.2434743874677965,O60760,MPNYKLTYFNMRGRAEIIRYIFAYLDIQYEDHRIEQADWPEIKSTLPFGKIPILEVDGLTLHQSLAIARYLTKNTDLAGNTEMEQCHVDAIVDTLDDFMSCFPWAEKKQDVKEQMFNELLTYNAPHLMQDLDTYLGGREWLIGNSVTWADFYWEICSTTLLVFKPDLLDNHPRLVTLRKKVQAIPAVANWIKRRPQTKL,7.0,7.75,30.0,35.0,26800.0,0.01162
2.5.1.18,Acidovorax sp. KKS102,-0.8170688922987225,2,0.3513368320988691,Q99735,MAGNSILLAAVSILSACQQSYFALQVGKARLKYKVTPPAVTGSPEFERVFRAQQNCVEFYPIFIITLWMAGWYFNQVFATCLGLVYIYGRHLYFWGYSEAAKKRITGFRLSLGILALLTLLGALGIANSFLDEYLDLNIAKKLRRQF,7.0,7.75,30.0,35.0,26800.0,652.935
2.5.1.18,Acidovorax sp. KKS102,-0.8170688922987225,2,0.3513368320988691,Q03013,MSMTLGYWDIRGLAHAIRLLLEYTDSSYEEKKYTMGDAPDYDRSQWLNEKFKLGLDFPNLPYLIDGAHKITQSNAILCYIARKHNLCGETEEEKIRVDILENQAMDVSNQLARVCYSPDFEKLKPEYLEELPTMMQHFSQFLGKRPWFVGDKITFVDFLAYDVLDLHRIFEPNCLDAFPNLKDFISRFEGLEKISAYMKSSRFLPKPLYTRVAVWGNK,7.0,7.75,30.0,35.0,26800.0,652.935
2.5.1.18,Acidovorax sp. KKS102,-0.8170688922987225,2,0.3513368320988691,O43813,MAQRAFPNPYADYNKSLAEGYFDAAGRLTPEFSQRLTNKIRELLQQMERGLKSADPRDGTGYTGWAGIAVLYLHLYDVFGDPAYLQLAHGYVKQSLNCLTKRSITFLCGDAGPLAVAAVLYHKMNNEKQAEDCITRLIHLNKIDPHAPNEMLYGRIGYIYALLFVNKNFGVEKIPQSHIQQICETILTSGENLARKRNFTAKSPLMYEWYQEYYVGAAHGLAGIYYYLMQPSLQVSQGKLHSLVKPSVDYVCQLKFPSGNYPPCIGDNRDLLVHWCHGAPGVIYMLIQAYKVFREEKYLCDAYQCADVIWQYGLLKKGYGLCHGSAGNAYAFLTLYNLTQDMKYLYRACKFAEWCLEYGEHGCRTPDTPFSLFEGMAGTIYFLADLLVPTKARFPAFEL,7.0,7.75,30.0,35.0,26800.0,652.935
2.5.1.18,Acidovorax sp. KKS102,-0.8170688922987225,2,0.3513368320988691,P10620,MVDLTQVMDDEVFMAFASYATIILSKMMLMSTATAFYRLTRKVFANPEDCVAFGKGENAKKYLRTDDRVERVRRAHLNDLENIIPFLGIGLLYSLSGPDPSTAILHFRLFVGARIYHTIAYLTPLPQPNRALSFFVGYGVTLSMAYRLLKSKLYL,7.0,7.75,30.0,35.0,26800.0,652.935
2.5.1.18,Acidovorax sp. KKS102,-0.8170688922987225,2,0.3513368320988691,O60760,MPNYKLTYFNMRGRAEIIRYIFAYLDIQYEDHRIEQADWPEIKSTLPFGKIPILEVDGLTLHQSLAIARYLTKNTDLAGNTEMEQCHVDAIVDTLDDFMSCFPWAEKKQDVKEQMFNELLTYNAPHLMQDLDTYLGGREWLIGNSVTWADFYWEICSTTLLVFKPDLLDNHPRLVTLRKKVQAIPAVANWIKRRPQTKL,7.0,7.75,30.0,35.0,26800.0,652.935
2.5.1.18,Proteus mirabilis,0.5798046486529005,4,0.5132129374951355,Q99735,MAGNSILLAAVSILSACQQSYFALQVGKARLKYKVTPPAVTGSPEFERVFRAQQNCVEFYPIFIITLWMAGWYFNQVFATCLGLVYIYGRHLYFWGYSEAAKKRITGFRLSLGILALLTLLGALGIANSFLDEYLDLNIAKKLRRQF,6.5,7.75,50.0,35.0,22500.0,1.011
2.5.1.18,Proteus mirabilis,0.5798046486529005,4,0.5132129374951355,Q03013,MSMTLGYWDIRGLAHAIRLLLEYTDSSYEEKKYTMGDAPDYDRSQWLNEKFKLGLDFPNLPYLIDGAHKITQSNAILCYIARKHNLCGETEEEKIRVDILENQAMDVSNQLARVCYSPDFEKLKPEYLEELPTMMQHFSQFLGKRPWFVGDKITFVDFLAYDVLDLHRIFEPNCLDAFPNLKDFISRFEGLEKISAYMKSSRFLPKPLYTRVAVWGNK,6.5,7.75,50.0,35.0,22500.0,1.011
2.5.1.18,Proteus mirabilis,0.5798046486529005,4,0.5132129374951355,O43813,MAQRAFPNPYADYNKSLAEGYFDAAGRLTPEFSQRLTNKIRELLQQMERGLKSADPRDGTGYTGWAGIAVLYLHLYDVFGDPAYLQLAHGYVKQSLNCLTKRSITFLCGDAGPLAVAAVLYHKMNNEKQAEDCITRLIHLNKIDPHAPNEMLYGRIGYIYALLFVNKNFGVEKIPQSHIQQICETILTSGENLARKRNFTAKSPLMYEWYQEYYVGAAHGLAGIYYYLMQPSLQVSQGKLHSLVKPSVDYVCQLKFPSGNYPPCIGDNRDLLVHWCHGAPGVIYMLIQAYKVFREEKYLCDAYQCADVIWQYGLLKKGYGLCHGSAGNAYAFLTLYNLTQDMKYLYRACKFAEWCLEYGEHGCRTPDTPFSLFEGMAGTIYFLADLLVPTKARFPAFEL,6.5,7.75,50.0,35.0,22500.0,1.011
2.5.1.18,Proteus mirabilis,0.5798046486529005,4,0.5132129374951355,P10620,MVDLTQVMDDEVFMAFASYATIILSKMMLMSTATAFYRLTRKVFANPEDCVAFGKGENAKKYLRTDDRVERVRRAHLNDLENIIPFLGIGLLYSLSGPDPSTAILHFRLFVGARIYHTIAYLTPLPQPNRALSFFVGYGVTLSMAYRLLKSKLYL,6.5,7.75,50.0,35.0,22500.0,1.011
2.5.1.18,Proteus mirabilis,0.5798046486529005,4,0.5132129374951355,O60760,MPNYKLTYFNMRGRAEIIRYIFAYLDIQYEDHRIEQADWPEIKSTLPFGKIPILEVDGLTLHQSLAIARYLTKNTDLAGNTEMEQCHVDAIVDTLDDFMSCFPWAEKKQDVKEQMFNELLTYNAPHLMQDLDTYLGGREWLIGNSVTWADFYWEICSTTLLVFKPDLLDNHPRLVTLRKKVQAIPAVANWIKRRPQTKL,6.5,7.75,50.0,35.0,22500.0,1.011
2.5.1.18,Schistosoma japonicum,0.414973347970818,7,1.4367129057793566,Q99735,MAGNSILLAAVSILSACQQSYFALQVGKARLKYKVTPPAVTGSPEFERVFRAQQNCVEFYPIFIITLWMAGWYFNQVFATCLGLVYIYGRHLYFWGYSEAAKKRITGFRLSLGILALLTLLGALGIANSFLDEYLDLNIAKKLRRQF,7.0,8.5,27.5,35.0,26200.0,0.43
2.5.1.18,Schistosoma japonicum,0.414973347970818,7,1.4367129057793566,Q03013,MSMTLGYWDIRGLAHAIRLLLEYTDSSYEEKKYTMGDAPDYDRSQWLNEKFKLGLDFPNLPYLIDGAHKITQSNAILCYIARKHNLCGETEEEKIRVDILENQAMDVSNQLARVCYSPDFEKLKPEYLEELPTMMQHFSQFLGKRPWFVGDKITFVDFLAYDVLDLHRIFEPNCLDAFPNLKDFISRFEGLEKISAYMKSSRFLPKPLYTRVAVWGNK,7.0,8.5,27.5,35.0,26200.0,0.43
2.5.1.18,Schistosoma japonicum,0.414973347970818,7,1.4367129057793566,O43813,MAQRAFPNPYADYNKSLAEGYFDAAGRLTPEFSQRLTNKIRELLQQMERGLKSADPRDGTGYTGWAGIAVLYLHLYDVFGDPAYLQLAHGYVKQSLNCLTKRSITFLCGDAGPLAVAAVLYHKMNNEKQAEDCITRLIHLNKIDPHAPNEMLYGRIGYIYALLFVNKNFGVEKIPQSHIQQICETILTSGENLARKRNFTAKSPLMYEWYQEYYVGAAHGLAGIYYYLMQPSLQVSQGKLHSLVKPSVDYVCQLKFPSGNYPPCIGDNRDLLVHWCHGAPGVIYMLIQAYKVFREEKYLCDAYQCADVIWQYGLLKKGYGLCHGSAGNAYAFLTLYNLTQDMKYLYRACKFAEWCLEYGEHGCRTPDTPFSLFEGMAGTIYFLADLLVPTKARFPAFEL,7.0,8.5,27.5,35.0,26200.0,0.43
2.5.1.18,Schistosoma japonicum,0.414973347970818,7,1.4367129057793566,P10620,MVDLTQVMDDEVFMAFASYATIILSKMMLMSTATAFYRLTRKVFANPEDCVAFGKGENAKKYLRTDDRVERVRRAHLNDLENIIPFLGIGLLYSLSGPDPSTAILHFRLFVGARIYHTIAYLTPLPQPNRALSFFVGYGVTLSMAYRLLKSKLYL,7.0,8.5,27.5,35.0,26200.0,0.43
2.5.1.18,Schistosoma japonicum,0.414973347970818,7,1.4367129057793566,O60760,MPNYKLTYFNMRGRAEIIRYIFAYLDIQYEDHRIEQADWPEIKSTLPFGKIPILEVDGLTLHQSLAIARYLTKNTDLAGNTEMEQCHVDAIVDTLDDFMSCFPWAEKKQDVKEQMFNELLTYNAPHLMQDLDTYLGGREWLIGNSVTWADFYWEICSTTLLVFKPDLLDNHPRLVTLRKKVQAIPAVANWIKRRPQTKL,7.0,8.5,27.5,35.0,26200.0,0.43
2.5.1.18,Synechocystis sp.,1.5522421216602489,2,0.512611637955355,Q99735,MAGNSILLAAVSILSACQQSYFALQVGKARLKYKVTPPAVTGSPEFERVFRAQQNCVEFYPIFIITLWMAGWYFNQVFATCLGLVYIYGRHLYFWGYSEAAKKRITGFRLSLGILALLTLLGALGIANSFLDEYLDLNIAKKLRRQF,7.5,7.75,30.0,35.0,30000.0,0.8200000000000001
2.5.1.18,Synechocystis sp.,1.5522421216602489,2,0.512611637955355,Q03013,MSMTLGYWDIRGLAHAIRLLLEYTDSSYEEKKYTMGDAPDYDRSQWLNEKFKLGLDFPNLPYLIDGAHKITQSNAILCYIARKHNLCGETEEEKIRVDILENQAMDVSNQLARVCYSPDFEKLKPEYLEELPTMMQHFSQFLGKRPWFVGDKITFVDFLAYDVLDLHRIFEPNCLDAFPNLKDFISRFEGLEKISAYMKSSRFLPKPLYTRVAVWGNK,7.5,7.75,30.0,35.0,30000.0,0.8200000000000001
2.5.1.18,Synechocystis sp.,1.5522421216602489,2,0.512611637955355,O43813,MAQRAFPNPYADYNKSLAEGYFDAAGRLTPEFSQRLTNKIRELLQQMERGLKSADPRDGTGYTGWAGIAVLYLHLYDVFGDPAYLQLAHGYVKQSLNCLTKRSITFLCGDAGPLAVAAVLYHKMNNEKQAEDCITRLIHLNKIDPHAPNEMLYGRIGYIYALLFVNKNFGVEKIPQSHIQQICETILTSGENLARKRNFTAKSPLMYEWYQEYYVGAAHGLAGIYYYLMQPSLQVSQGKLHSLVKPSVDYVCQLKFPSGNYPPCIGDNRDLLVHWCHGAPGVIYMLIQAYKVFREEKYLCDAYQCADVIWQYGLLKKGYGLCHGSAGNAYAFLTLYNLTQDMKYLYRACKFAEWCLEYGEHGCRTPDTPFSLFEGMAGTIYFLADLLVPTKARFPAFEL,7.5,7.75,30.0,35.0,30000.0,0.8200000000000001
2.5.1.18,Synechocystis sp.,1.5522421216602489,2,0.512611637955355,P10620,MVDLTQVMDDEVFMAFASYATIILSKMMLMSTATAFYRLTRKVFANPEDCVAFGKGENAKKYLRTDDRVERVRRAHLNDLENIIPFLGIGLLYSLSGPDPSTAILHFRLFVGARIYHTIAYLTPLPQPNRALSFFVGYGVTLSMAYRLLKSKLYL,7.5,7.75,30.0,35.0,30000.0,0.8200000000000001
2.5.1.18,Synechocystis sp.,1.5522421216602489,2,0.512611637955355,O60760,MPNYKLTYFNMRGRAEIIRYIFAYLDIQYEDHRIEQADWPEIKSTLPFGKIPILEVDGLTLHQSLAIARYLTKNTDLAGNTEMEQCHVDAIVDTLDDFMSCFPWAEKKQDVKEQMFNELLTYNAPHLMQDLDTYLGGREWLIGNSVTWADFYWEICSTTLLVFKPDLLDNHPRLVTLRKKVQAIPAVANWIKRRPQTKL,7.5,7.75,30.0,35.0,30000.0,0.8200000000000001
2.5.1.18,Camelus dromedarius,0.6646419755561255,6,0.2156841995301224,Q99735,MAGNSILLAAVSILSACQQSYFALQVGKARLKYKVTPPAVTGSPEFERVFRAQQNCVEFYPIFIITLWMAGWYFNQVFATCLGLVYIYGRHLYFWGYSEAAKKRITGFRLSLGILALLTLLGALGIANSFLDEYLDLNIAKKLRRQF,7.0,7.75,30.0,35.0,26800.0,0.35
2.5.1.18,Camelus dromedarius,0.6646419755561255,6,0.2156841995301224,Q03013,MSMTLGYWDIRGLAHAIRLLLEYTDSSYEEKKYTMGDAPDYDRSQWLNEKFKLGLDFPNLPYLIDGAHKITQSNAILCYIARKHNLCGETEEEKIRVDILENQAMDVSNQLARVCYSPDFEKLKPEYLEELPTMMQHFSQFLGKRPWFVGDKITFVDFLAYDVLDLHRIFEPNCLDAFPNLKDFISRFEGLEKISAYMKSSRFLPKPLYTRVAVWGNK,7.0,7.75,30.0,35.0,26800.0,0.35
2.5.1.18,Camelus dromedarius,0.6646419755561255,6,0.2156841995301224,O43813,MAQRAFPNPYADYNKSLAEGYFDAAGRLTPEFSQRLTNKIRELLQQMERGLKSADPRDGTGYTGWAGIAVLYLHLYDVFGDPAYLQLAHGYVKQSLNCLTKRSITFLCGDAGPLAVAAVLYHKMNNEKQAEDCITRLIHLNKIDPHAPNEMLYGRIGYIYALLFVNKNFGVEKIPQSHIQQICETILTSGENLARKRNFTAKSPLMYEWYQEYYVGAAHGLAGIYYYLMQPSLQVSQGKLHSLVKPSVDYVCQLKFPSGNYPPCIGDNRDLLVHWCHGAPGVIYMLIQAYKVFREEKYLCDAYQCADVIWQYGLLKKGYGLCHGSAGNAYAFLTLYNLTQDMKYLYRACKFAEWCLEYGEHGCRTPDTPFSLFEGMAGTIYFLADLLVPTKARFPAFEL,7.0,7.75,30.0,35.0,26800.0,0.35
2.5.1.18,Camelus dromedarius,0.6646419755561255,6,0.2156841995301224,P10620,MVDLTQVMDDEVFMAFASYATIILSKMMLMSTATAFYRLTRKVFANPEDCVAFGKGENAKKYLRTDDRVERVRRAHLNDLENIIPFLGIGLLYSLSGPDPSTAILHFRLFVGARIYHTIAYLTPLPQPNRALSFFVGYGVTLSMAYRLLKSKLYL,7.0,7.75,30.0,35.0,26800.0,0.35
2.5.1.18,Camelus dromedarius,0.6646419755561255,6,0.2156841995301224,O60760,MPNYKLTYFNMRGRAEIIRYIFAYLDIQYEDHRIEQADWPEIKSTLPFGKIPILEVDGLTLHQSLAIARYLTKNTDLAGNTEMEQCHVDAIVDTLDDFMSCFPWAEKKQDVKEQMFNELLTYNAPHLMQDLDTYLGGREWLIGNSVTWADFYWEICSTTLLVFKPDLLDNHPRLVTLRKKVQAIPAVANWIKRRPQTKL,7.0,7.75,30.0,35.0,26800.0,0.35
2.5.1.18,Penaeus vannamei,2.4000196350651586,3,1.361818041852256,Q99735,MAGNSILLAAVSILSACQQSYFALQVGKARLKYKVTPPAVTGSPEFERVFRAQQNCVEFYPIFIITLWMAGWYFNQVFATCLGLVYIYGRHLYFWGYSEAAKKRITGFRLSLGILALLTLLGALGIANSFLDEYLDLNIAKKLRRQF,6.75,7.75,20.0,35.0,37500.0,0.335
2.5.1.18,Penaeus vannamei,2.4000196350651586,3,1.361818041852256,Q03013,MSMTLGYWDIRGLAHAIRLLLEYTDSSYEEKKYTMGDAPDYDRSQWLNEKFKLGLDFPNLPYLIDGAHKITQSNAILCYIARKHNLCGETEEEKIRVDILENQAMDVSNQLARVCYSPDFEKLKPEYLEELPTMMQHFSQFLGKRPWFVGDKITFVDFLAYDVLDLHRIFEPNCLDAFPNLKDFISRFEGLEKISAYMKSSRFLPKPLYTRVAVWGNK,6.75,7.75,20.0,35.0,37500.0,0.335
2.5.1.18,Penaeus vannamei,2.4000196350651586,3,1.361818041852256,O43813,MAQRAFPNPYADYNKSLAEGYFDAAGRLTPEFSQRLTNKIRELLQQMERGLKSADPRDGTGYTGWAGIAVLYLHLYDVFGDPAYLQLAHGYVKQSLNCLTKRSITFLCGDAGPLAVAAVLYHKMNNEKQAEDCITRLIHLNKIDPHAPNEMLYGRIGYIYALLFVNKNFGVEKIPQSHIQQICETILTSGENLARKRNFTAKSPLMYEWYQEYYVGAAHGLAGIYYYLMQPSLQVSQGKLHSLVKPSVDYVCQLKFPSGNYPPCIGDNRDLLVHWCHGAPGVIYMLIQAYKVFREEKYLCDAYQCADVIWQYGLLKKGYGLCHGSAGNAYAFLTLYNLTQDMKYLYRACKFAEWCLEYGEHGCRTPDTPFSLFEGMAGTIYFLADLLVPTKARFPAFEL,6.75,7.75,20.0,35.0,37500.0,0.335
2.5.1.18,Penaeus vannamei,2.4000196350651586,3,1.361818041852256,P10620,MVDLTQVMDDEVFMAFASYATIILSKMMLMSTATAFYRLTRKVFANPEDCVAFGKGENAKKYLRTDDRVERVRRAHLNDLENIIPFLGIGLLYSLSGPDPSTAILHFRLFVGARIYHTIAYLTPLPQPNRALSFFVGYGVTLSMAYRLLKSKLYL,6.75,7.75,20.0,35.0,37500.0,0.335
2.5.1.18,Penaeus vannamei,2.4000196350651586,3,1.361818041852256,O60760,MPNYKLTYFNMRGRAEIIRYIFAYLDIQYEDHRIEQADWPEIKSTLPFGKIPILEVDGLTLHQSLAIARYLTKNTDLAGNTEMEQCHVDAIVDTLDDFMSCFPWAEKKQDVKEQMFNELLTYNAPHLMQDLDTYLGGREWLIGNSVTWADFYWEICSTTLLVFKPDLLDNHPRLVTLRKKVQAIPAVANWIKRRPQTKL,6.75,7.75,20.0,35.0,37500.0,0.335
2.5.1.18,Trichinella spiralis,0.9443704803414464,2,0.4396818599874779,Q99735,MAGNSILLAAVSILSACQQSYFALQVGKARLKYKVTPPAVTGSPEFERVFRAQQNCVEFYPIFIITLWMAGWYFNQVFATCLGLVYIYGRHLYFWGYSEAAKKRITGFRLSLGILALLTLLGALGIANSFLDEYLDLNIAKKLRRQF,6.5,7.75,40.0,35.0,24000.0,0.29
2.5.1.18,Trichinella spiralis,0.9443704803414464,2,0.4396818599874779,Q03013,MSMTLGYWDIRGLAHAIRLLLEYTDSSYEEKKYTMGDAPDYDRSQWLNEKFKLGLDFPNLPYLIDGAHKITQSNAILCYIARKHNLCGETEEEKIRVDILENQAMDVSNQLARVCYSPDFEKLKPEYLEELPTMMQHFSQFLGKRPWFVGDKITFVDFLAYDVLDLHRIFEPNCLDAFPNLKDFISRFEGLEKISAYMKSSRFLPKPLYTRVAVWGNK,6.5,7.75,40.0,35.0,24000.0,0.29
2.5.1.18,Trichinella spiralis,0.9443704803414464,2,0.4396818599874779,O43813,MAQRAFPNPYADYNKSLAEGYFDAAGRLTPEFSQRLTNKIRELLQQMERGLKSADPRDGTGYTGWAGIAVLYLHLYDVFGDPAYLQLAHGYVKQSLNCLTKRSITFLCGDAGPLAVAAVLYHKMNNEKQAEDCITRLIHLNKIDPHAPNEMLYGRIGYIYALLFVNKNFGVEKIPQSHIQQICETILTSGENLARKRNFTAKSPLMYEWYQEYYVGAAHGLAGIYYYLMQPSLQVSQGKLHSLVKPSVDYVCQLKFPSGNYPPCIGDNRDLLVHWCHGAPGVIYMLIQAYKVFREEKYLCDAYQCADVIWQYGLLKKGYGLCHGSAGNAYAFLTLYNLTQDMKYLYRACKFAEWCLEYGEHGCRTPDTPFSLFEGMAGTIYFLADLLVPTKARFPAFEL,6.5,7.75,40.0,35.0,24000.0,0.29
2.5.1.18,Trichinella spiralis,0.9443704803414464,2,0.4396818599874779,P10620,MVDLTQVMDDEVFMAFASYATIILSKMMLMSTATAFYRLTRKVFANPEDCVAFGKGENAKKYLRTDDRVERVRRAHLNDLENIIPFLGIGLLYSLSGPDPSTAILHFRLFVGARIYHTIAYLTPLPQPNRALSFFVGYGVTLSMAYRLLKSKLYL,6.5,7.75,40.0,35.0,24000.0,0.29
2.5.1.18,Trichinella spiralis,0.9443704803414464,2,0.4396818599874779,O60760,MPNYKLTYFNMRGRAEIIRYIFAYLDIQYEDHRIEQADWPEIKSTLPFGKIPILEVDGLTLHQSLAIARYLTKNTDLAGNTEMEQCHVDAIVDTLDDFMSCFPWAEKKQDVKEQMFNELLTYNAPHLMQDLDTYLGGREWLIGNSVTWADFYWEICSTTLLVFKPDLLDNHPRLVTLRKKVQAIPAVANWIKRRPQTKL,6.5,7.75,40.0,35.0,24000.0,0.29
2.5.1.18,Mucor mucedo,2.1709110749014435,4,0.6593663422948381,Q99735,MAGNSILLAAVSILSACQQSYFALQVGKARLKYKVTPPAVTGSPEFERVFRAQQNCVEFYPIFIITLWMAGWYFNQVFATCLGLVYIYGRHLYFWGYSEAAKKRITGFRLSLGILALLTLLGALGIANSFLDEYLDLNIAKKLRRQF,8.0,7.75,30.0,35.0,38200.0,0.531
2.5.1.18,Mucor mucedo,2.1709110749014435,4,0.6593663422948381,Q03013,MSMTLGYWDIRGLAHAIRLLLEYTDSSYEEKKYTMGDAPDYDRSQWLNEKFKLGLDFPNLPYLIDGAHKITQSNAILCYIARKHNLCGETEEEKIRVDILENQAMDVSNQLARVCYSPDFEKLKPEYLEELPTMMQHFSQFLGKRPWFVGDKITFVDFLAYDVLDLHRIFEPNCLDAFPNLKDFISRFEGLEKISAYMKSSRFLPKPLYTRVAVWGNK,8.0,7.75,30.0,35.0,38200.0,0.531
2.5.1.18,Mucor mucedo,2.1709110749014435,4,0.6593663422948381,O43813,MAQRAFPNPYADYNKSLAEGYFDAAGRLTPEFSQRLTNKIRELLQQMERGLKSADPRDGTGYTGWAGIAVLYLHLYDVFGDPAYLQLAHGYVKQSLNCLTKRSITFLCGDAGPLAVAAVLYHKMNNEKQAEDCITRLIHLNKIDPHAPNEMLYGRIGYIYALLFVNKNFGVEKIPQSHIQQICETILTSGENLARKRNFTAKSPLMYEWYQEYYVGAAHGLAGIYYYLMQPSLQVSQGKLHSLVKPSVDYVCQLKFPSGNYPPCIGDNRDLLVHWCHGAPGVIYMLIQAYKVFREEKYLCDAYQCADVIWQYGLLKKGYGLCHGSAGNAYAFLTLYNLTQDMKYLYRACKFAEWCLEYGEHGCRTPDTPFSLFEGMAGTIYFLADLLVPTKARFPAFEL,8.0,7.75,30.0,35.0,38200.0,0.531
2.5.1.18,Mucor mucedo,2.1709110749014435,4,0.6593663422948381,P10620,MVDLTQVMDDEVFMAFASYATIILSKMMLMSTATAFYRLTRKVFANPEDCVAFGKGENAKKYLRTDDRVERVRRAHLNDLENIIPFLGIGLLYSLSGPDPSTAILHFRLFVGARIYHTIAYLTPLPQPNRALSFFVGYGVTLSMAYRLLKSKLYL,8.0,7.75,30.0,35.0,38200.0,0.531
2.5.1.18,Mucor mucedo,2.1709110749014435,4,0.6593663422948381,O60760,MPNYKLTYFNMRGRAEIIRYIFAYLDIQYEDHRIEQADWPEIKSTLPFGKIPILEVDGLTLHQSLAIARYLTKNTDLAGNTEMEQCHVDAIVDTLDDFMSCFPWAEKKQDVKEQMFNELLTYNAPHLMQDLDTYLGGREWLIGNSVTWADFYWEICSTTLLVFKPDLLDNHPRLVTLRKKVQAIPAVANWIKRRPQTKL,8.0,7.75,30.0,35.0,38200.0,0.531
2.5.1.18,Solenopsis invicta,1.8721562727482928,2,0.0,Q99735,MAGNSILLAAVSILSACQQSYFALQVGKARLKYKVTPPAVTGSPEFERVFRAQQNCVEFYPIFIITLWMAGWYFNQVFATCLGLVYIYGRHLYFWGYSEAAKKRITGFRLSLGILALLTLLGALGIANSFLDEYLDLNIAKKLRRQF,7.0,7.75,30.0,35.0,25500.0,0.485
2.5.1.18,Solenopsis invicta,1.8721562727482928,2,0.0,Q03013,MSMTLGYWDIRGLAHAIRLLLEYTDSSYEEKKYTMGDAPDYDRSQWLNEKFKLGLDFPNLPYLIDGAHKITQSNAILCYIARKHNLCGETEEEKIRVDILENQAMDVSNQLARVCYSPDFEKLKPEYLEELPTMMQHFSQFLGKRPWFVGDKITFVDFLAYDVLDLHRIFEPNCLDAFPNLKDFISRFEGLEKISAYMKSSRFLPKPLYTRVAVWGNK,7.0,7.75,30.0,35.0,25500.0,0.485
2.5.1.18,Solenopsis invicta,1.8721562727482928,2,0.0,O43813,MAQRAFPNPYADYNKSLAEGYFDAAGRLTPEFSQRLTNKIRELLQQMERGLKSADPRDGTGYTGWAGIAVLYLHLYDVFGDPAYLQLAHGYVKQSLNCLTKRSITFLCGDAGPLAVAAVLYHKMNNEKQAEDCITRLIHLNKIDPHAPNEMLYGRIGYIYALLFVNKNFGVEKIPQSHIQQICETILTSGENLARKRNFTAKSPLMYEWYQEYYVGAAHGLAGIYYYLMQPSLQVSQGKLHSLVKPSVDYVCQLKFPSGNYPPCIGDNRDLLVHWCHGAPGVIYMLIQAYKVFREEKYLCDAYQCADVIWQYGLLKKGYGLCHGSAGNAYAFLTLYNLTQDMKYLYRACKFAEWCLEYGEHGCRTPDTPFSLFEGMAGTIYFLADLLVPTKARFPAFEL,7.0,7.75,30.0,35.0,25500.0,0.485
2.5.1.18,Solenopsis invicta,1.8721562727482928,2,0.0,P10620,MVDLTQVMDDEVFMAFASYATIILSKMMLMSTATAFYRLTRKVFANPEDCVAFGKGENAKKYLRTDDRVERVRRAHLNDLENIIPFLGIGLLYSLSGPDPSTAILHFRLFVGARIYHTIAYLTPLPQPNRALSFFVGYGVTLSMAYRLLKSKLYL,7.0,7.75,30.0,35.0,25500.0,0.485
2.5.1.18,Solenopsis invicta,1.8721562727482928,2,0.0,O60760,MPNYKLTYFNMRGRAEIIRYIFAYLDIQYEDHRIEQADWPEIKSTLPFGKIPILEVDGLTLHQSLAIARYLTKNTDLAGNTEMEQCHVDAIVDTLDDFMSCFPWAEKKQDVKEQMFNELLTYNAPHLMQDLDTYLGGREWLIGNSVTWADFYWEICSTTLLVFKPDLLDNHPRLVTLRKKVQAIPAVANWIKRRPQTKL,7.0,7.75,30.0,35.0,25500.0,0.485
